ev_id,stop_idx,stop_type,task_id,lon,lat,tw_earliest,tw_latest,soc_kwh_before_leg,soc_kwh_after_leg,is_swappable_leg
0,0,DEPOT,-1,-73.9915,40.751,,,0.5225307701967523,0.5058540084524401,False
0,1,P,10,-74.00197139,40.7454973,2025-06-12 07:37:06.095,2025-06-12 07:57:06.095,0.5058540084524401,0.46423991592562386,False
0,2,D,10,-74.0106,40.72231,2025-06-12 07:37:06.095,2025-06-12 07:57:06.095,0.46423991592562386,0.40909990608886493,False
0,3,P,7,-73.98194829,40.7457121,2025-06-12 07:58:12.857,2025-06-12 08:18:12.857,0.40909990608886493,0.38638044519228243,False
0,4,D,7,-73.996765,40.752568,2025-06-12 07:58:12.857,2025-06-12 08:18:12.857,0.38638044519228243,0.33780425047470064,False
0,5,P,1,-73.98379855,40.72621788,2025-06-12 10:22:09.999,2025-06-12 10:42:09.999,0.33780425047470064,0.3009045528960319,False
0,6,D,1,-74.0052741765976,40.74005708567285,2025-06-12 10:22:09.999,2025-06-12 10:42:09.999,0.3009045528960319,0.27963438483803316,False
0,7,P,3,-73.99074142,40.73454567,2025-06-12 14:36:43.518,2025-06-12 14:56:43.518,0.27963438483803316,0.25651644614051855,False
0,8,D,3,-73.99724900722504,40.722103786686034,2025-06-12 14:36:43.518,2025-06-12 14:56:43.518,0.25651644614051855,0.18685358930689452,False
0,9,P,2,-73.97811613976955,40.75973805251143,2025-06-12 16:31:49.650,2025-06-12 16:51:49.650,0.18685358930689452,0.17931802386249499,False
0,10,P,8,-73.977601,40.755393,2025-06-12 16:35:48.283,2025-06-12 16:55:48.283,0.17931802386249499,0.1585648744798526,False
0,11,D,2,-73.98917958140373,40.76360467795863,2025-06-12 16:31:49.650,2025-06-12 16:51:49.650,0.1585648744798526,0.11112786103576555,False
0,12,D,8,-73.97757,40.789622,2025-06-12 16:35:48.283,2025-06-12 16:55:48.283,0.6,0.489428088137003,True
0,13,P,6,-73.98978041,40.7262807,2025-06-12 17:53:46.430,2025-06-12 18:13:46.430,0.489428088137003,0.4705191312542478,False
0,14,D,6,-73.97574813,40.72368361,2025-06-12 17:53:46.430,2025-06-12 18:13:46.430,0.4705191312542478,0.45980339211488686,False
0,15,P,0,-73.98368779,40.72217444,2025-06-12 18:21:46.779,2025-06-12 18:41:46.779,0.45980339211488686,0.43483366688539293,False
0,16,D,0,-73.99851193,40.71307916,2025-06-12 18:21:46.779,2025-06-12 18:41:46.779,0.43483366688539293,0.39635915746430955,False
0,17,P,9,-73.992085,40.734814,2025-06-12 19:12:37.885,2025-06-12 19:32:37.885,0.39635915746430955,0.38409307178669616,False
0,18,D,9,-73.99415556,40.74173969,2025-06-12 19:12:37.885,2025-06-12 19:32:37.885,0.38409307178669616,0.2549893996577972,False
0,19,P,11,-73.953149,40.809725,2025-06-12 19:57:56.835,2025-06-12 20:17:56.835,0.2549893996577972,0.22487133740264528,False
0,20,D,11,-73.949738,40.826969,2025-06-12 19:57:56.835,2025-06-12 20:17:56.835,0.6,0.4228800655921412,True
0,21,P,5,-73.98713956,40.7284186,2025-06-12 21:16:34.393,2025-06-12 21:36:34.393,0.4228800655921412,0.40587249634340133,False
0,22,D,5,-73.97574813,40.72368361,2025-06-12 21:16:34.393,2025-06-12 21:36:34.393,0.40587249634340133,0.35438060337273064,False
0,23,DEPOT,-1,-73.9915,40.751,,,0.35438060337273064,0.35438060337273064,False
1,0,DEPOT,-1,-73.9915,40.751,,,0.45216447234793095,0.3555410305175791,False
1,1,P,15,-73.94329,40.79338,2025-06-12 02:38:09.336,2025-06-12 02:58:09.336,0.3555410305175791,0.3286384545188571,False
1,2,D,15,-73.946041,40.7779453,2025-06-12 02:38:09.336,2025-06-12 02:58:09.336,0.3286384545188571,0.25234043122340677,False
1,3,P,19,-73.98629487,40.7459849,2025-06-12 07:59:29.175,2025-06-12 08:19:29.175,0.25234043122340677,0.243849895041068,False
1,4,D,19,-73.98338988,40.75038009,2025-06-12 07:59:29.175,2025-06-12 08:19:29.175,0.243849895041068,0.21548462767755935,False
1,5,P,20,-73.97634151,40.76590936,2025-06-12 08:09:20.776,2025-06-12 08:29:20.776,0.21548462767755935,0.193856112038942,False
1,6,D,20,-73.97896572947502,40.75354681867074,2025-06-12 08:09:20.776,2025-06-12 08:29:20.776,0.193856112038942,0.139314224336283,False
1,7,P,13,-73.98368779,40.72217444,2025-06-12 08:32:14.507,2025-06-12 08:52:14.507,0.139314224336283,0.08409483064957973,False
1,8,D,13,-73.996765,40.752568,2025-06-12 08:32:14.507,2025-06-12 08:52:14.507,0.6,0.49263034221654495,True
1,9,P,16,-73.9362541,40.7945663,2025-06-12 15:52:42.883,2025-06-12 16:12:42.883,0.49263034221654495,0.47130554622300824,False
1,10,D,16,-73.93077,40.78294,2025-06-12 15:52:42.883,2025-06-12 16:12:42.883,0.47130554622300824,0.35124630103415566,False
1,11,P,14,-73.98379855,40.72621788,2025-06-12 16:53:35.912,2025-06-12 17:13:35.912,0.35124630103415566,0.33225863054393245,False
1,12,D,14,-73.99724900722504,40.722103786686034,2025-06-12 16:53:35.912,2025-06-12 17:13:35.912,0.33225863054393245,0.2607657220276821,False
1,13,P,18,-73.97982001304626,40.76132983124814,2025-06-12 17:33:08.467,2025-06-12 17:53:08.467,0.2607657220276821,0.25166873829925474,False
1,14,D,18,-73.98313522338867,40.765959181657976,2025-06-12 17:33:08.467,2025-06-12 17:53:08.467,0.25166873829925474,0.2043257280798798,False
1,15,P,12,-73.955327,40.7835016,2025-06-12 18:00:54.794,2025-06-12 18:20:54.794,0.2043257280798798,0.18771979025470947,False
1,16,D,12,-73.9543953537941,40.77391390238118,2025-06-12 18:00:54.794,2025-06-12 18:20:54.794,0.18771979025470947,0.15278619820230982,False
1,17,P,22,-73.9756,40.78621,2025-06-12 18:25:40.884,2025-06-12 18:45:40.884,0.15278619820230982,0.08513641561437958,False
1,18,D,22,-74.002353,40.752694,2025-06-12 18:25:40.884,2025-06-12 18:45:40.884,0.6,0.5480086694992357,True
1,19,P,21,-73.98783413,40.72467721,2025-06-12 18:57:22.011,2025-06-12 19:17:22.011,0.5480086694992357,0.5172041686832658,False
1,20,D,21,-73.99852573871613,40.74056423633952,2025-06-12 18:57:22.011,2025-06-12 19:17:22.011,0.5172041686832658,0.5129847715473634,False
1,21,P,23,-74.001702,40.740983,2025-06-12 19:06:15.207,2025-06-12 19:26:15.207,0.5129847715473634,0.480932816323536,False
1,22,D,23,-73.99480012,40.72317958,2025-06-12 19:06:15.207,2025-06-12 19:26:15.207,0.480932816323536,0.4338676944049768,False
1,23,P,17,-74.002950346,40.749717753,2025-06-12 20:50:06.898,2025-06-12 21:10:06.898,0.4338676944049768,0.3984059406377277,False
1,24,D,17,-73.97973776,40.73912601,2025-06-12 20:50:06.898,2025-06-12 21:10:06.898,0.3984059406377277,0.37276194951876357,False
1,25,DEPOT,-1,-73.9915,40.751,,,0.37276194951876357,0.37276194951876357,False
2,0,DEPOT,-1,-73.9915,40.751,,,0.5403055631813902,0.4870440501640001,False
2,1,P,27,-73.97668709,40.72228087,2025-06-12 04:39:40.516,2025-06-12 04:59:40.516,0.4870440501640001,0.4698291047179204,False
2,2,D,27,-73.98802084,40.7172274,2025-06-12 04:39:40.516,2025-06-12 04:59:40.516,0.4698291047179204,0.3558213721671144,False
2,3,P,33,-73.95407149,40.77801203,2025-06-12 07:11:14.868,2025-06-12 07:31:14.868,0.3558213721671144,0.31125913966409585,False
2,4,D,33,-73.97811613976955,40.75973805251143,2025-06-12 07:11:14.868,2025-06-12 07:31:14.868,0.31125913966409585,0.2671567159985548,False
2,5,P,29,-73.97667321,40.78524672,2025-06-12 12:02:35.453,2025-06-12 12:22:35.453,0.2671567159985548,0.2607385251250334,False
2,6,D,29,-73.98093133,40.78339981,2025-06-12 12:02:35.453,2025-06-12 12:22:35.453,0.2607385251250334,0.1957136184889523,False
2,7,P,31,-73.98855723,40.7462009,2025-06-12 12:40:30.895,2025-06-12 13:00:30.895,0.1957136184889523,0.16723008893008562,False
2,8,D,31,-73.97648516,40.75992262,2025-06-12 12:40:30.895,2025-06-12 13:00:30.895,0.16723008893008562,0.13462720524556587,False
2,9,P,30,-74.00059908628464,40.75516719072139,2025-06-12 14:35:48.709,2025-06-12 14:55:48.709,0.13462720524556587,0.07155395806017625,False
2,10,D,30,-73.99596,40.718822,2025-06-12 14:35:48.709,2025-06-12 14:55:48.709,0.6,0.4801587668349007,True
2,11,P,35,-73.9488134,40.778301,2025-06-12 16:05:56.963,2025-06-12 16:25:56.963,0.4801587668349007,0.4731567949417368,False
2,12,D,35,-73.94594,40.7817212,2025-06-12 16:05:56.963,2025-06-12 16:25:56.963,0.4731567949417368,0.3659180815106944,False
2,13,P,26,-74.000271,40.735238,2025-06-12 18:10:30.404,2025-06-12 18:30:30.404,0.3659180815106944,0.34883359228489635,False
2,14,D,26,-73.99510189890862,40.72615604980408,2025-06-12 18:10:30.404,2025-06-12 18:30:30.404,0.34883359228489635,0.3164856324707081,False
2,15,P,34,-74.00831580162048,40.74198159994023,2025-06-12 18:41:45.281,2025-06-12 19:01:45.281,0.3164856324707081,0.29640375095908433,False
2,16,D,34,-74.002353,40.752694,2025-06-12 18:41:45.281,2025-06-12 19:01:45.281,0.29640375095908433,0.2547174752753857,False
2,17,P,24,-73.98261428,40.77163851,2025-06-12 20:13:11.540,2025-06-12 20:33:11.540,0.2547174752753857,0.20843956893050594,False
2,18,D,24,-74.002950346,40.749717753,2025-06-12 20:13:11.540,2025-06-12 20:33:11.540,0.20843956893050594,0.17444719834898414,False
2,19,P,25,-73.986923,40.734232,2025-06-12 22:21:43.164,2025-06-12 22:41:43.164,0.17444719834898414,0.15491292338033547,False
2,20,D,25,-73.99726235,40.74238787,2025-06-12 22:21:43.164,2025-06-12 22:41:43.164,0.15491292338033547,0.13869808718660667,False
2,21,P,28,-73.98848395,40.74901271,2025-06-12 22:29:09.510,2025-06-12 22:49:09.510,0.13869808718660667,0.11794149117668432,False
2,22,D,28,-73.99461843,40.76009437,2025-06-12 22:29:09.510,2025-06-12 22:49:09.510,0.11794149117668432,0.10171119315078975,False
2,23,DEPOT,-1,-73.9915,40.751,,,0.10171119315078975,0.10171119315078975,False
3,0,DEPOT,-1,-73.9915,40.751,,,0.5064472861024664,0.47800781384553326,False
3,1,P,38,-73.99074142,40.73454567,2025-06-12 07:10:30.456,2025-06-12 07:30:30.456,0.47800781384553326,0.452745877875699,False
3,2,D,38,-73.9916,40.749156,2025-06-12 07:10:30.456,2025-06-12 07:30:30.456,0.452745877875699,0.43019927357442056,False
3,3,P,47,-73.974996,40.752643,2025-06-12 10:00:08.234,2025-06-12 10:20:08.234,0.43019927357442056,0.3988409397472191,False
3,4,D,47,-73.99415556,40.74173969,2025-06-12 10:00:08.234,2025-06-12 10:20:08.234,0.3988409397472191,0.38911671636925776,False
3,5,P,43,-73.990134,40.737006,2025-06-12 10:38:41.066,2025-06-12 10:58:41.066,0.38911671636925776,0.3362219421985635,False
3,6,D,43,-73.98169333,40.76695317,2025-06-12 10:38:41.066,2025-06-12 10:58:41.066,0.3362219421985635,0.28163248518108747,False
3,7,P,36,-73.95242929458618,40.78948541553215,2025-06-12 14:29:03.616,2025-06-12 14:49:03.616,0.28163248518108747,0.220144294876376,False
3,8,D,36,-73.97207836,40.75714758,2025-06-12 14:29:03.616,2025-06-12 14:49:03.616,0.220144294876376,0.20121745582699402,False
3,9,P,45,-73.9790689945221,40.7667405590595,2025-06-12 16:01:38.575,2025-06-12 16:21:38.575,0.20121745582699402,0.16440966397254103,False
3,10,D,45,-73.95987510681152,40.78232260730881,2025-06-12 16:01:38.575,2025-06-12 16:21:38.575,0.16440966397254103,0.09282496413043928,False
3,11,P,44,-73.97711,40.74299,2025-06-12 17:07:57.992,2025-06-12 17:27:57.992,0.09282496413043928,0.07041282008459308,False
3,12,D,44,-73.99415556,40.74173969,2025-06-12 17:07:57.992,2025-06-12 17:27:57.992,0.6,0.5468196699576376,True
3,13,P,39,-73.98672603070736,40.711471394469264,2025-06-12 17:35:52.054,2025-06-12 17:55:52.054,0.5468196699576376,0.5367336310848428,False
3,14,D,39,-73.98802084,40.7172274,2025-06-12 17:35:52.054,2025-06-12 17:55:52.054,0.5367336310848428,0.5127834693412718,False
3,15,P,42,-74.00108054280281,40.7075188830923,2025-06-12 18:13:33.111,2025-06-12 18:33:33.111,0.5127834693412718,0.48840227478847276,False
3,16,D,42,-74.01658354,40.7153379,2025-06-12 18:13:33.111,2025-06-12 18:33:33.111,0.48840227478847276,0.44101881264694287,False
3,17,P,46,-73.99074142,40.73454567,2025-06-12 18:48:09.797,2025-06-12 19:08:09.797,0.44101881264694287,0.4157568766771086,False
3,18,D,46,-73.9916,40.749156,2025-06-12 18:48:09.797,2025-06-12 19:08:09.797,0.4157568766771086,0.23891810312815392,False
3,19,P,41,-73.935111,40.842173,2025-06-12 19:56:22.105,2025-06-12 20:16:22.105,0.23891810312815392,0.23891810312815392,False
3,20,D,41,-73.935111,40.842173,2025-06-12 19:56:22.105,2025-06-12 20:16:22.105,0.23891810312815392,0.06790280974847226,False
3,21,P,37,-73.989539,40.752149,2025-06-12 21:17:09.741,2025-06-12 21:37:09.741,0.6,0.5820674633353944,True
3,22,D,37,-73.99915362,40.74475148,2025-06-12 21:17:09.741,2025-06-12 21:37:09.741,0.5820674633353944,0.5673430820552211,False
3,23,DEPOT,-1,-73.9915,40.751,,,0.5673430820552211,0.5673430820552211,False
4,0,DEPOT,-1,-73.9915,40.751,,,0.37977724305640637,0.32158788755485807,False
4,1,P,56,-73.99067759513855,40.717318403855785,2025-06-12 02:30:41.846,2025-06-12 02:50:41.846,0.32158788755485807,0.31420056600621915,False
4,2,D,56,-73.99596,40.718822,2025-06-12 02:30:41.846,2025-06-12 02:50:41.846,0.31420056600621915,0.2243130288839394,False
4,3,P,55,-73.988038,40.770513,2025-06-12 07:33:35.805,2025-06-12 07:53:35.805,0.2243130288839394,0.19977195015822513,False
4,4,D,55,-73.97209525108337,40.76302594280519,2025-06-12 07:33:35.805,2025-06-12 07:53:35.805,0.19977195015822513,0.17127226857511732,False
4,5,P,59,-73.99005,40.77237,2025-06-12 08:31:00.029,2025-06-12 08:51:00.029,0.17127226857511732,0.15121300435505608,False
4,6,D,59,-73.996975,40.762009,2025-06-12 08:31:00.029,2025-06-12 08:51:00.029,0.15121300435505608,0.08358547541697749,False
4,7,P,52,-74.00965965,40.72405549,2025-06-12 08:56:05.979,2025-06-12 09:16:05.979,0.08358547541697749,0.07115890658557004,False
4,8,D,52,-74.005549,40.717571,2025-06-12 08:56:05.979,2025-06-12 09:16:05.979,0.6,0.5730047154928364,True
4,9,P,57,-73.99852205,40.73226398,2025-06-12 11:05:34.546,2025-06-12 11:25:34.546,0.5730047154928364,0.54378398768523,False
4,10,D,57,-73.98303529,40.74444921,2025-06-12 11:05:34.546,2025-06-12 11:25:34.546,0.54378398768523,0.5096645047940475,False
4,11,P,51,-73.99301222,40.76269882,2025-06-12 16:46:53.030,2025-06-12 17:06:53.030,0.5096645047940475,0.5043447373489001,False
4,12,D,51,-73.996975,40.762009,2025-06-12 16:46:53.030,2025-06-12 17:06:53.030,0.5043447373489001,0.46238673068137953,False
4,13,P,50,-73.99006,40.73829,2025-06-12 17:02:31.138,2025-06-12 17:22:31.138,0.46238673068137953,0.4403065865355554,False
4,14,D,50,-73.97449783980846,40.74322681432173,2025-06-12 17:02:31.138,2025-06-12 17:22:31.138,0.4403065865355554,0.4027677723440848,False
4,15,P,53,-74.0026376103,40.7390169121,2025-06-12 18:54:14.663,2025-06-12 19:14:14.663,0.4027677723440848,0.38810323440146266,False
4,16,D,53,-74.008769094944,40.73191132323174,2025-06-12 18:54:14.663,2025-06-12 19:14:14.663,0.38810323440146266,0.34552662947736834,False
4,17,P,48,-73.976831,40.727243,2025-06-12 21:31:34.052,2025-06-12 21:51:34.052,0.34552662947736834,0.2989249608156206,False
4,18,D,48,-73.9946848154068,40.7505853470215,2025-06-12 21:31:34.052,2025-06-12 21:51:34.052,0.2989249608156206,0.2803576423436412,False
4,19,P,58,-73.98303529,40.74444921,2025-06-12 23:39:01.674,2025-06-12 23:59:01.674,0.2803576423436412,0.23942091586390318,False
4,20,D,58,-73.96094022,40.7612274,2025-06-12 23:39:01.674,2025-06-12 23:59:01.674,0.23942091586390318,0.19570634283674726,False
4,21,DEPOT,-1,-73.9915,40.751,,,0.19570634283674726,0.19570634283674726,False
5,0,DEPOT,-1,-73.9915,40.751,,,0.5648806938437188,0.515239292987694,False
5,1,P,60,-73.97515833377838,40.72506551015475,2025-06-12 05:58:50.487,2025-06-12 06:18:50.487,0.515239292987694,0.5004641968115668,False
5,2,D,60,-73.98016555,40.71739973,2025-06-12 05:58:50.487,2025-06-12 06:18:50.487,0.5004641968115668,0.44903506612053457,False
5,3,P,68,-73.99529885,40.74487634,2025-06-12 08:21:00.394,2025-06-12 08:41:00.394,0.44903506612053457,0.4440271350950129,False
5,4,D,68,-73.99726235,40.74238787,2025-06-12 08:21:00.394,2025-06-12 08:41:00.394,0.4440271350950129,0.42856347312095777,False
5,5,P,63,-74.00176802,40.75066386,2025-06-12 11:48:04.399,2025-06-12 12:08:04.399,0.42856347312095777,0.41889830331266287,False
5,6,D,63,-74.005141,40.745686,2025-06-12 11:48:04.399,2025-06-12 12:08:04.399,0.41889830331266287,0.32542395169798555,False
5,7,P,69,-73.968087,40.7919557,2025-06-12 12:10:06.631,2025-06-12 12:30:06.631,0.32542395169798555,0.2951565284143588,False
5,8,D,69,-73.95407149,40.77801203,2025-06-12 12:10:06.631,2025-06-12 12:30:06.631,0.2951565284143588,0.26473618543216487,False
5,9,P,70,-73.971518,40.766368,2025-06-12 12:38:29.920,2025-06-12 12:58:29.920,0.26473618543216487,0.23068939670272423,False
5,10,D,70,-73.989539,40.752149,2025-06-12 12:38:29.920,2025-06-12 12:58:29.920,0.23068939670272423,0.18550270410726488,False
5,11,P,65,-73.97898475,40.7770575,2025-06-12 15:08:26.291,2025-06-12 15:28:26.291,0.18550270410726488,0.14127792342494183,False
5,12,D,65,-73.9664492472,40.8008363,2025-06-12 15:08:26.291,2025-06-12 15:28:26.291,0.6,0.5071417868799281,True
5,13,P,64,-73.98255586624146,40.74848023448579,2025-06-12 17:12:11.872,2025-06-12 17:32:11.872,0.5071417868799281,0.4767252123692555,False
5,14,D,64,-73.99800419,40.73532427,2025-06-12 17:12:11.872,2025-06-12 17:32:11.872,0.4767252123692555,0.46145153930800203,False
5,15,P,67,-74.008769094944,40.73191132323174,2025-06-12 17:27:02.276,2025-06-12 17:47:02.276,0.46145153930800203,0.43105083843329717,False
5,16,D,67,-74.01658354,40.7153379,2025-06-12 17:27:02.276,2025-06-12 17:47:02.276,0.43105083843329717,0.35183542951249086,False
5,17,P,61,-73.971822,40.746202,2025-06-12 18:16:42.454,2025-06-12 18:36:42.454,0.35183542951249086,0.33013740200861796,False
5,18,D,61,-73.96603308,40.75797322,2025-06-12 18:16:42.454,2025-06-12 18:36:42.454,0.33013740200861796,0.2540996117735355,False
5,19,P,66,-73.98802084,40.7172274,2025-06-12 19:11:17.757,2025-06-12 19:31:17.757,0.2540996117735355,0.24364164539745797,False
5,20,D,66,-73.981095,40.714211,2025-06-12 19:11:17.757,2025-06-12 19:31:17.757,0.24364164539745797,0.21751021635197254,False
5,21,P,71,-73.99565293,40.72456089,2025-06-12 20:37:56.466,2025-06-12 20:57:56.466,0.21751021635197254,0.1620131999226907,False
5,22,D,71,-73.9900262,40.75640548,2025-06-12 20:37:56.466,2025-06-12 20:57:56.466,0.1620131999226907,0.14320853998526564,False
5,23,P,62,-73.98313522338867,40.765959181657976,2025-06-12 21:03:14.568,2025-06-12 21:23:14.568,0.14320853998526564,0.10580518929321776,False
5,24,D,62,-73.95482273,40.7689738,2025-06-12 21:03:14.568,2025-06-12 21:23:14.568,0.6,0.5428449200229604,True
5,25,DEPOT,-1,-73.9915,40.751,,,0.5428449200229604,0.5428449200229604,False
6,0,DEPOT,-1,-73.9915,40.751,,,0.5198393374179741,0.48775108542556617,False
6,1,P,82,-73.967641,40.755293,2025-06-12 06:14:35.251,2025-06-12 06:34:35.251,0.48775108542556617,0.47204107235973497,False
6,2,D,82,-73.97811613976955,40.75973805251143,2025-06-12 06:14:35.251,2025-06-12 06:34:35.251,0.47204107235973497,0.44467683260986957,False
6,3,P,78,-73.996765,40.752568,2025-06-12 08:13:06.836,2025-06-12 08:33:06.836,0.44467683260986957,0.41525747437307725,False
6,4,D,78,-73.97648516,40.75992262,2025-06-12 08:13:06.836,2025-06-12 08:33:06.836,0.41525747437307725,0.3933767811190551,False
6,5,P,79,-73.99061728,40.76669671,2025-06-12 09:18:27.027,2025-06-12 09:38:27.027,0.3933767811190551,0.3596481187751705,False
6,6,D,79,-73.96527,40.76313,2025-06-12 09:18:27.027,2025-06-12 09:38:27.027,0.3596481187751705,0.3246594767034584,False
6,7,P,80,-73.99098507,40.7575699,2025-06-12 12:58:28.293,2025-06-12 13:18:28.293,0.3246594767034584,0.31356987114883517,False
6,8,D,80,-73.993934,40.751551,2025-06-12 12:58:28.293,2025-06-12 13:18:28.293,0.31356987114883517,0.2442237409485185,False
6,9,P,73,-73.95407149,40.77801203,2025-06-12 13:14:13.831,2025-06-12 13:34:13.831,0.2442237409485185,0.22726881761581777,False
6,10,D,73,-73.95840793848038,40.7687620293096,2025-06-12 13:14:13.831,2025-06-12 13:34:13.831,0.22726881761581777,0.15484645219077853,False
6,11,P,76,-73.98047178983688,40.73031071000895,2025-06-12 15:18:44.349,2025-06-12 15:38:44.349,0.15484645219077853,0.14771964974421084,False
6,12,D,76,-73.976831,40.727243,2025-06-12 15:18:44.349,2025-06-12 15:38:44.349,0.14771964974421084,0.11155485119671858,False
6,13,P,74,-73.98855723,40.7462009,2025-06-12 15:23:58.646,2025-06-12 15:43:58.646,0.11155485119671858,0.07537469076417869,False
6,14,D,74,-74.008769094944,40.73191132323174,2025-06-12 15:23:58.646,2025-06-12 15:43:58.646,0.6,0.5329569396392585,True
6,15,P,77,-73.978434,40.763189,2025-06-12 15:57:59.156,2025-06-12 16:17:59.156,0.5329569396392585,0.4943880021147578,False
6,16,D,77,-73.99529885,40.74487634,2025-06-12 15:57:59.156,2025-06-12 16:17:59.156,0.4943880021147578,0.441675763468282,False
6,17,P,75,-74.01322069,40.71754834,2025-06-12 16:24:09.843,2025-06-12 16:44:09.843,0.441675763468282,0.4224906979251262,False
6,18,D,75,-74.00495,40.70838,2025-06-12 16:24:09.843,2025-06-12 16:44:09.843,0.4224906979251262,0.3592084385003824,False
6,19,P,83,-73.99915362,40.74475148,2025-06-12 16:53:10.788,2025-06-12 17:13:10.788,0.3592084385003824,0.34486444718553294,False
6,20,D,83,-74.002353,40.752694,2025-06-12 16:53:10.788,2025-06-12 17:13:10.788,0.34486444718553294,0.2919605126469171,False
6,21,P,72,-73.98562431335449,40.78057799010334,2025-06-12 21:17:17.753,2025-06-12 21:37:17.753,0.2919605126469171,0.25661547357346115,False
6,22,D,72,-73.996975,40.762009,2025-06-12 21:17:17.753,2025-06-12 21:37:17.753,0.25661547357346115,0.2362946520872856,False
6,23,DEPOT,-1,-73.9915,40.751,,,0.2362946520872856,0.2362946520872856,False
7,0,DEPOT,-1,-73.9915,40.751,,,0.5250735041081602,0.43412908133802974,False
7,1,P,90,-73.9711457439,40.8013434,2025-06-12 08:11:38.539,2025-06-12 08:31:38.539,0.43412908133802974,0.3585869844902828,False
7,2,D,90,-73.96930575370789,40.75763227739443,2025-06-12 08:11:38.539,2025-06-12 08:31:38.539,0.3585869844902828,0.32591745420237817,False
7,3,P,84,-73.9847157150507,40.74275179648995,2025-06-12 09:06:49.457,2025-06-12 09:26:49.457,0.32591745420237817,0.2729128045555556,False
7,4,D,84,-74.00650128722191,40.71688538495366,2025-06-12 09:06:49.457,2025-06-12 09:26:49.457,0.2729128045555556,0.24566326518521203,False
7,5,P,94,-73.98978041,40.7262807,2025-06-12 09:52:08.332,2025-06-12 10:12:08.332,0.24566326518521203,0.22254729848343027,False
7,6,D,94,-74.0052238852195,40.7197920901383,2025-06-12 09:52:08.332,2025-06-12 10:12:08.332,0.22254729848343027,0.1889807702487185,False
7,7,P,95,-73.99642959237099,40.738046142482766,2025-06-12 12:54:05.930,2025-06-12 13:14:05.930,0.1889807702487185,0.17336513526041747,False
7,8,D,95,-73.98473765,40.73624527,2025-06-12 12:54:05.930,2025-06-12 13:14:05.930,0.17336513526041747,0.14770257792155955,False
7,9,P,86,-73.99147535,40.72229346,2025-06-12 13:16:52.957,2025-06-12 13:36:52.957,0.14770257792155955,0.10351387804802584,False
7,10,D,86,-74.005141,40.745686,2025-06-12 13:16:52.957,2025-06-12 13:36:52.957,0.6,0.5422229079876569,True
7,11,P,88,-74.01113051087516,40.71254669463547,2025-06-12 15:13:02.266,2025-06-12 15:33:02.266,0.5422229079876569,0.5313929403167503,False
7,12,D,88,-74.00495,40.70838,2025-06-12 15:13:02.266,2025-06-12 15:33:02.266,0.5313929403167503,0.5128510549225511,False
7,13,P,89,-73.99293911,40.71406667,2025-06-12 15:18:33.401,2025-06-12 15:38:33.401,0.5128510549225511,0.504408829125777,False
7,14,D,89,-73.98802084,40.7172274,2025-06-12 15:18:33.401,2025-06-12 15:38:33.401,0.504408829125777,0.4592961560981809,False
7,15,P,85,-73.99726235,40.74238787,2025-06-12 15:32:46.713,2025-06-12 15:52:46.713,0.4592961560981809,0.4145808690641304,False
7,16,D,85,-73.98313522338867,40.765959181657976,2025-06-12 15:32:46.713,2025-06-12 15:52:46.713,0.4145808690641304,0.3589488352554689,False
7,17,P,87,-73.98054420948029,40.73381219196632,2025-06-12 16:42:20.114,2025-06-12 17:02:20.114,0.3589488352554689,0.3072499786172714,False
7,18,D,87,-74.00935515761375,40.71334184275907,2025-06-12 16:42:20.114,2025-06-12 17:02:20.114,0.3072499786172714,0.16823312913918115,False
7,19,P,93,-73.97041561,40.7882213,2025-06-12 18:26:06.613,2025-06-12 18:46:06.613,0.16823312913918115,0.14592902932705054,False
7,20,D,93,-73.97898475,40.7770575,2025-06-12 18:26:06.613,2025-06-12 18:46:06.613,0.6,0.5085755061191217,True
7,21,P,92,-73.97901266813278,40.72412944090093,2025-06-12 20:19:18.968,2025-06-12 20:39:18.968,0.5085755061191217,0.4985254605463126,False
7,22,D,92,-73.98517977,40.72066442,2025-06-12 20:19:18.968,2025-06-12 20:39:18.968,0.4985254605463126,0.44547681386181937,False
7,23,DEPOT,-1,-73.9915,40.751,,,0.44547681386181937,0.44547681386181937,False
8,0,DEPOT,-1,-73.9915,40.751,,,0.38690386286186457,0.36814419498979656,False
8,1,P,105,-73.98602213,40.74096374,2025-06-12 07:16:58.437,2025-06-12 07:36:58.437,0.36814419498979656,0.3259022021381367,False
8,2,D,105,-73.97209525108337,40.76302594280519,2025-06-12 07:16:58.437,2025-06-12 07:36:58.437,0.3259022021381367,0.29740252055502886,False
8,3,P,107,-73.99005,40.77237,2025-06-12 12:37:25.976,2025-06-12 12:57:25.976,0.29740252055502886,0.22041265247508396,False
8,4,D,107,-73.99968780577183,40.72840059450829,2025-06-12 12:37:25.976,2025-06-12 12:57:25.976,0.22041265247508396,0.1786649129603927,False
8,5,P,106,-73.97449783980846,40.74322681432173,2025-06-12 12:53:22.961,2025-06-12 13:13:22.961,0.1786649129603927,0.16729427196216107,False
8,6,D,106,-73.98303529,40.74444921,2025-06-12 12:53:22.961,2025-06-12 13:13:22.961,0.6,0.48066231628505085,True
8,7,P,99,-73.953149,40.809725,2025-06-12 14:56:24.371,2025-06-12 15:16:24.371,0.48066231628505085,0.4725213854724443,False
8,8,D,99,-73.954692,40.805159,2025-06-12 14:56:24.371,2025-06-12 15:16:24.371,0.4725213854724443,0.33987881406359033,False
8,9,P,98,-73.98286700248718,40.73139303364151,2025-06-12 17:13:16.509,2025-06-12 17:33:16.509,0.33987881406359033,0.293668052982826,False
8,10,D,98,-73.974235,40.757334,2025-06-12 17:13:16.509,2025-06-12 17:33:16.509,0.293668052982826,0.26551072766765693,False
8,11,P,100,-73.97782542,40.7734066,2025-06-12 17:57:39.165,2025-06-12 18:17:39.165,0.26551072766765693,0.23141655738374467,False
8,12,D,100,-73.97700369358063,40.79313480986663,2025-06-12 17:57:39.165,2025-06-12 18:17:39.165,0.23141655738374467,0.17626920249216604,False
8,13,P,104,-73.95348296,40.76663814,2025-06-12 18:24:20.196,2025-06-12 18:44:20.196,0.17626920249216604,0.11205258768176408,False
8,14,D,104,-73.942954,40.80295,2025-06-12 18:24:20.196,2025-06-12 18:44:20.196,0.6,0.5293170410740989,True
8,15,P,96,-73.96222069859505,40.76471851944339,2025-06-12 20:13:50.768,2025-06-12 20:33:50.768,0.5293170410740989,0.5222027461208373,False
8,16,D,96,-73.9614,40.76879,2025-06-12 20:13:50.768,2025-06-12 20:33:50.768,0.5222027461208373,0.4447593245295347,False
8,17,P,103,-73.98713956,40.7284186,2025-06-12 21:13:10.939,2025-06-12 21:33:10.939,0.4447593245295347,0.40118456650016077,False
8,18,D,103,-73.996765,40.752568,2025-06-12 21:13:10.939,2025-06-12 21:33:10.939,0.40118456650016077,0.3887291615586314,False
8,19,P,102,-73.98848395,40.74901271,2025-06-12 22:28:26.715,2025-06-12 22:48:26.715,0.3887291615586314,0.3758008943257179,False
8,20,D,102,-73.9900262,40.75640548,2025-06-12 22:28:26.715,2025-06-12 22:48:26.715,0.3758008943257179,0.36626674924841923,False
8,21,DEPOT,-1,-73.9915,40.751,,,0.36626674924841923,0.36626674924841923,False
9,0,DEPOT,-1,-73.9915,40.751,,,0.45458104695806906,0.43081982143022746,False
9,1,P,119,-73.97809267044067,40.74172351097472,2025-06-12 06:04:17.380,2025-06-12 06:24:17.380,0.43081982143022746,0.40400780192434804,False
9,2,P,113,-73.97805914282799,40.75724567911726,2025-06-12 06:00:47.782,2025-06-12 06:20:47.782,0.40400780192434804,0.39722416968251095,False
9,3,D,119,-73.97402311,40.7597108,2025-06-12 06:04:17.380,2025-06-12 06:24:17.380,0.39722416968251095,0.39096691468843875,False
9,4,D,113,-73.97209525108337,40.76302594280519,2025-06-12 06:00:47.782,2025-06-12 06:20:47.782,0.39096691468843875,0.3323958561267428,False
9,5,P,115,-73.97772429,40.72938685,2025-06-12 08:35:14.065,2025-06-12 08:55:14.065,0.3323958561267428,0.3144444683637693,False
9,6,P,110,-73.98517977,40.72066442,2025-06-12 08:34:55.032,2025-06-12 08:54:55.032,0.3144444683637693,0.2944172663726727,False
9,7,D,115,-73.99930492043495,40.72511734422387,2025-06-12 08:35:14.065,2025-06-12 08:55:14.065,0.2944172663726727,0.2895549013565558,False
9,8,D,110,-73.99662137031554,40.72706363348306,2025-06-12 08:34:55.032,2025-06-12 08:54:55.032,0.2895549013565558,0.2127763627718901,False
9,9,P,108,-73.9536,40.757284,2025-06-12 15:14:57.316,2025-06-12 15:34:57.316,0.2127763627718901,0.2127763627718901,False
9,10,D,108,-73.9536,40.757284,2025-06-12 15:14:57.316,2025-06-12 15:34:57.316,0.2127763627718901,0.14996012794386232,False
9,11,P,111,-73.968087,40.7919557,2025-06-12 16:41:19.618,2025-06-12 17:01:19.618,0.14996012794386232,0.09606511834703294,False
9,12,D,111,-73.96094022,40.7612274,2025-06-12 16:41:19.618,2025-06-12 17:01:19.618,0.09606511834703294,0.07028873947292433,False
9,13,P,109,-73.9563752,40.775744,2025-06-12 17:21:51.881,2025-06-12 17:41:51.881,0.6,0.5891675416000574,True
9,14,D,109,-73.9488134,40.778301,2025-06-12 17:21:51.881,2025-06-12 17:41:51.881,0.5891675416000574,0.4966980320375265,False
9,15,P,117,-73.98286700248718,40.73139303364151,2025-06-12 19:21:42.307,2025-06-12 19:41:42.307,0.4966980320375265,0.4713161373435161,False
9,16,D,117,-73.98802084,40.7172274,2025-06-12 19:21:42.307,2025-06-12 19:41:42.307,0.4713161373435161,0.43211940888325295,False
9,17,P,116,-73.98958593606949,40.73988840858996,2025-06-12 20:28:06.025,2025-06-12 20:48:06.025,0.43211940888325295,0.41410489106907705,False
9,18,D,116,-73.9865979552269,40.72970805644994,2025-06-12 20:28:06.025,2025-06-12 20:48:06.025,0.41410489106907705,0.376771199631412,False
9,19,DEPOT,-1,-73.9915,40.751,,,0.376771199631412,0.376771199631412,False
10,0,DEPOT,-1,-73.9915,40.751,,,0.437867585088842,0.40729822637131596,False
10,1,P,128,-73.98372530937195,40.73431166276575,2025-06-12 07:38:30.363,2025-06-12 07:58:30.363,0.40729822637131596,0.39683757406884373,False
10,2,D,128,-73.97605,40.736,2025-06-12 07:38:30.363,2025-06-12 07:58:30.363,0.39683757406884373,0.3351928601050841,False
10,3,P,131,-73.988038,40.770513,2025-06-12 11:16:31.401,2025-06-12 11:36:31.401,0.3351928601050841,0.3312123910339647,False
10,4,D,131,-73.988639,40.768254,2025-06-12 11:16:31.401,2025-06-12 11:36:31.401,0.3312123910339647,0.3065689612870128,False
10,5,P,129,-73.97037800510203,40.764752828526326,2025-06-12 15:06:47.359,2025-06-12 15:26:47.359,0.3065689612870128,0.28538027924919585,False
10,6,D,129,-73.95856158,40.77314236,2025-06-12 15:06:47.359,2025-06-12 15:26:47.359,0.28538027924919585,0.23571622073942086,False
10,7,P,126,-73.971822,40.746202,2025-06-12 16:02:55.742,2025-06-12 16:22:55.742,0.23571622073942086,0.20534131378783338,False
10,8,D,126,-73.993934,40.751551,2025-06-12 16:02:55.742,2025-06-12 16:22:55.742,0.20534131378783338,0.1898578386075015,False
10,9,P,125,-73.98316936,40.75527307,2025-06-12 16:47:24.698,2025-06-12 17:07:24.698,0.1898578386075015,0.16726645273457305,False
10,10,D,125,-73.96592976,40.75455731,2025-06-12 16:47:24.698,2025-06-12 17:07:24.698,0.16726645273457305,0.09480324037879646,False
10,11,P,130,-73.981095,40.714211,2025-06-12 17:10:01.948,2025-06-12 17:30:01.948,0.09480324037879646,0.06368954907525184,False
10,12,D,130,-73.98165557,40.73221853,2025-06-12 17:10:01.948,2025-06-12 17:30:01.948,0.6,0.544877874324832,True
10,13,P,124,-73.980973,40.764126,2025-06-12 20:01:39.287,2025-06-12 20:21:39.287,0.544877874324832,0.5380805381410015,False
10,14,D,124,-73.97634151,40.76590936,2025-06-12 20:01:39.287,2025-06-12 20:21:39.287,0.5380805381410015,0.4802723180228042,False
10,15,P,122,-74.0026376103,40.7390169121,2025-06-12 20:06:43.748,2025-06-12 20:26:43.748,0.4802723180228042,0.4629308048526929,False
10,16,D,122,-73.996637,40.747968,2025-06-12 20:06:43.748,2025-06-12 20:26:43.748,0.4629308048526929,0.4313843678739835,False
10,17,P,121,-73.99102628231049,40.73020660529954,2025-06-12 20:43:36.724,2025-06-12 21:03:36.724,0.4313843678739835,0.39888524029636946,False
10,18,D,121,-74.005141,40.745686,2025-06-12 20:43:36.724,2025-06-12 21:03:36.724,0.39888524029636946,0.3482592241319218,False
10,19,P,127,-73.972628,40.761573,2025-06-12 21:17:35.448,2025-06-12 21:37:35.448,0.3482592241319218,0.33454657884425854,False
10,20,D,127,-73.962658,40.759125,2025-06-12 21:17:35.448,2025-06-12 21:37:35.448,0.33454657884425854,0.24668583963558594,False
10,21,P,120,-74.0052238852195,40.7197920901383,2025-06-12 23:07:37.868,2025-06-12 23:27:37.868,0.24668583963558594,0.23730746578846468,False
10,22,D,120,-74.00965965,40.72405549,2025-06-12 23:07:37.868,2025-06-12 23:27:37.868,0.23730746578846468,0.18504778058974672,False
10,23,DEPOT,-1,-73.9915,40.751,,,0.18504778058974672,0.18504778058974672,False
11,0,DEPOT,-1,-73.9915,40.751,,,0.5546206476582063,0.518374815348972,False
11,1,P,140,-74.00363802909851,40.73213896287381,2025-06-12 06:36:59.526,2025-06-12 06:56:59.526,0.518374815348972,0.4763670620506755,False
11,2,D,140,-73.98672603070736,40.711471394469264,2025-06-12 06:36:59.526,2025-06-12 06:56:59.526,0.4763670620506755,0.3228054485155102,False
11,3,P,134,-73.96649479866028,40.79904139288298,2025-06-12 09:45:18.642,2025-06-12 10:05:18.642,0.3228054485155102,0.29850291478270524,False
11,4,D,134,-73.94945003,40.7934337,2025-06-12 09:45:18.642,2025-06-12 10:05:18.642,0.29850291478270524,0.15189211788774523,False
11,5,P,139,-74.0106,40.72231,2025-06-12 11:31:38.816,2025-06-12 11:51:38.816,0.15189211788774523,0.10952085835886498,False
11,6,D,139,-74.007756,40.746745,2025-06-12 11:31:38.816,2025-06-12 11:51:38.816,0.6,0.5420619695862784,True
11,7,P,141,-73.96603308,40.75797322,2025-06-12 12:24:49.991,2025-06-12 12:44:49.991,0.5420619695862784,0.5163639448806777,False
11,8,D,141,-73.98169333,40.76695317,2025-06-12 12:24:49.991,2025-06-12 12:44:49.991,0.5163639448806777,0.46265016151890154,False
11,9,P,133,-74.00747358798981,40.74275382865903,2025-06-12 13:44:58.671,2025-06-12 14:04:58.671,0.46265016151890154,0.4385822057440357,False
11,10,D,133,-74.008591,40.728846,2025-06-12 13:44:58.671,2025-06-12 14:04:58.671,0.4385822057440357,0.36755582676283516,False
11,11,P,138,-73.97069431,40.75828065,2025-06-12 14:21:25.812,2025-06-12 14:41:25.812,0.36755582676283516,0.3373738390138757,False
11,12,D,138,-73.95856158,40.77314236,2025-06-12 14:21:25.812,2025-06-12 14:41:25.812,0.3373738390138757,0.27577108329699784,False
11,13,P,135,-74.00277668,40.76087502,2025-06-12 15:43:07.990,2025-06-12 16:03:07.990,0.27577108329699784,0.24625729363314938,False
11,14,D,135,-73.98169333,40.76695317,2025-06-12 15:43:07.990,2025-06-12 16:03:07.990,0.24625729363314938,0.21819305226485972,False
11,15,P,137,-73.96060712,40.7699426,2025-06-12 16:22:10.117,2025-06-12 16:42:10.117,0.21819305226485972,0.21389925732021706,False
11,16,D,137,-73.95772297,40.77112927,2025-06-12 16:22:10.117,2025-06-12 16:42:10.117,0.21389925732021706,0.14944548411324415,False
11,17,P,143,-73.99839279,40.7500727,2025-06-12 17:32:55.613,2025-06-12 17:52:55.613,0.14944548411324415,0.11601448977628256,False
11,18,D,143,-73.97449783980846,40.74322681432173,2025-06-12 17:32:55.613,2025-06-12 17:52:55.613,0.6,0.47965556024487643,True
11,19,P,142,-73.939182,40.80756,2025-06-12 18:22:56.675,2025-06-12 18:42:56.675,0.47965556024487643,0.46794672309706314,False
11,20,D,142,-73.94776493310928,40.80949534777948,2025-06-12 18:22:56.675,2025-06-12 18:42:56.675,0.46794672309706314,0.335852039103675,False
11,21,P,132,-73.98958593606949,40.73988840858996,2025-06-12 19:21:48.493,2025-06-12 19:41:48.493,0.335852039103675,0.31962826663264987,False
11,22,D,132,-73.9916,40.749156,2025-06-12 19:21:48.493,2025-06-12 19:41:48.493,0.31962826663264987,0.31078517848126963,False
11,23,P,136,-73.98629487,40.7459849,2025-06-12 19:50:25.078,2025-06-12 20:10:25.078,0.31078517848126963,0.2993226106362414,False
11,24,D,136,-73.989539,40.752149,2025-06-12 19:50:25.078,2025-06-12 20:10:25.078,0.2993226106362414,0.2960785950740648,False
11,25,DEPOT,-1,-73.9915,40.751,,,0.2960785950740648,0.2960785950740648,False
12,0,DEPOT,-1,-73.9915,40.751,,,0.4952116752169395,0.4764520073448715,False
12,1,P,155,-73.98602213,40.74096374,2025-06-12 07:10:54.555,2025-06-12 07:30:54.555,0.4764520073448715,0.46416734338883664,False
12,2,D,155,-73.97738662,40.7381765,2025-06-12 07:10:54.555,2025-06-12 07:30:54.555,0.46416734338883664,0.44047614960308873,False
12,3,P,148,-73.98848395,40.74901271,2025-06-12 10:40:35.235,2025-06-12 11:00:35.235,0.44047614960308873,0.41268152164880517,False
12,4,D,148,-73.978434,40.763189,2025-06-12 10:40:35.235,2025-06-12 11:00:35.235,0.41268152164880517,0.3326859691837703,False
12,5,P,146,-73.99596,40.718822,2025-06-12 11:49:57.558,2025-06-12 12:09:57.558,0.3326859691837703,0.2953529479030443,False
12,6,D,146,-73.98958593606949,40.73988840858996,2025-06-12 11:49:57.558,2025-06-12 12:09:57.558,0.2953529479030443,0.26682174506551415,False
12,7,P,144,-74.005226,40.751396,2025-06-12 13:33:10.677,2025-06-12 13:53:10.677,0.26682174506551415,0.22644506995059321,False
12,8,D,144,-73.99968780577183,40.72840059450829,2025-06-12 13:33:10.677,2025-06-12 13:53:10.677,0.22644506995059321,0.1551921514591208,False
12,9,P,149,-73.973473,40.764555,2025-06-12 16:27:13.446,2025-06-12 16:47:13.446,0.1551921514591208,0.14366760631747583,False
12,10,D,149,-73.98169333,40.76695317,2025-06-12 16:27:13.446,2025-06-12 16:47:13.446,0.14366760631747583,0.10709838407446812,False
12,11,P,150,-74.002353,40.752694,2025-06-12 16:29:42.727,2025-06-12 16:49:42.727,0.10709838407446812,0.09838381201472451,False
12,12,D,150,-74.0005722643582,40.74783260583772,2025-06-12 16:29:42.727,2025-06-12 16:49:42.727,0.6,0.5303485751358676,True
12,13,P,147,-73.95348296,40.76663814,2025-06-12 17:01:10.734,2025-06-12 17:21:10.734,0.5303485751358676,0.5229343451597063,False
12,14,D,147,-73.95840793848038,40.7687620293096,2025-06-12 17:01:10.734,2025-06-12 17:21:10.734,0.5229343451597063,0.41643205516145976,False
12,15,P,154,-74.00666661,40.71911552,2025-06-12 18:55:37.327,2025-06-12 19:15:37.327,0.41643205516145976,0.41054164636367135,False
12,16,D,154,-74.0091059,40.71625008,2025-06-12 18:55:37.327,2025-06-12 19:15:37.327,0.41054164636367135,0.38949615047837716,False
12,17,P,151,-73.99316132068634,40.71779817737835,2025-06-12 19:32:45.447,2025-06-12 19:52:45.447,0.38949615047837716,0.37252676092355447,False
12,18,D,151,-73.981095,40.714211,2025-06-12 19:32:45.447,2025-06-12 19:52:45.447,0.37252676092355447,0.3538893523845217,False
12,19,P,152,-73.98864984512329,40.72335597960796,2025-06-12 20:06:54.160,2025-06-12 20:26:54.160,0.3538893523845217,0.34381324658647516,False
12,20,D,152,-73.98131668567657,40.7251285241158,2025-06-12 20:06:54.160,2025-06-12 20:26:54.160,0.34381324658647516,0.2971794099834886,False
12,21,DEPOT,-1,-73.9915,40.751,,,0.2971794099834886,0.2971794099834886,False
13,0,DEPOT,-1,-73.9915,40.751,,,0.5327799387868742,0.4742658791308619,False
13,1,P,162,-73.98802084,40.7172274,2025-06-12 00:36:57.416,2025-06-12 00:56:57.416,0.4742658791308619,0.4473427420907446,False
13,2,D,162,-74.00495,40.70838,2025-06-12 00:36:57.416,2025-06-12 00:56:57.416,0.4473427420907446,0.3587212758204465,False
13,3,P,159,-73.99379968643188,40.75898481399634,2025-06-12 06:25:42.061,2025-06-12 06:45:42.061,0.3587212758204465,0.3565256462262807,False
13,4,D,159,-73.99461843,40.76009437,2025-06-12 06:25:42.061,2025-06-12 06:45:42.061,0.3565256462262807,0.3210073556003042,False
13,5,P,160,-73.98958593606949,40.73988840858996,2025-06-12 06:54:27.075,2025-06-12 07:14:27.075,0.3210073556003042,0.2932870532970199,False
13,6,D,160,-74.002353,40.752694,2025-06-12 06:54:27.075,2025-06-12 07:14:27.075,0.2932870532970199,0.2721204599922063,False
13,7,P,161,-73.99301222,40.76269882,2025-06-12 07:09:11.714,2025-06-12 07:29:11.714,0.2721204599922063,0.2510822968102393,False
13,8,D,161,-73.9946848154068,40.7505853470215,2025-06-12 07:09:11.714,2025-06-12 07:29:11.714,0.2510822968102393,0.19535153045512654,False
13,9,P,166,-73.96060712,40.7699426,2025-06-12 07:27:26.149,2025-06-12 07:47:26.149,0.19535153045512654,0.18921079770780527,False
13,10,D,166,-73.95856158,40.77314236,2025-06-12 07:27:26.149,2025-06-12 07:47:26.149,0.18921079770780527,0.11625284640058833,False
13,11,P,157,-73.99006,40.73829,2025-06-12 08:20:24.218,2025-06-12 08:40:24.218,0.11625284640058833,0.08662443339129436,False
13,12,D,157,-74.002353,40.752694,2025-06-12 08:20:24.218,2025-06-12 08:40:24.218,0.08662443339129436,0.07879099775477783,False
13,13,P,163,-73.99971440439913,40.75676475086503,2025-06-12 09:25:51.159,2025-06-12 09:45:51.159,0.6,0.5737548472703884,True
13,14,D,163,-74.00747358798981,40.74275382865903,2025-06-12 09:25:51.159,2025-06-12 09:45:51.159,0.5737548472703884,0.5253920155342524,False
13,15,P,158,-73.97982001304626,40.76132983124814,2025-06-12 13:08:30.106,2025-06-12 13:28:30.106,0.5253920155342524,0.5095593353045174,False
13,16,D,158,-73.9900262,40.75640548,2025-06-12 13:08:30.106,2025-06-12 13:28:30.106,0.5095593353045174,0.49663106807160384,False
13,17,P,165,-73.98848395,40.74901271,2025-06-12 16:01:04.526,2025-06-12 16:21:04.526,0.49663106807160384,0.44519957579212355,False
13,18,D,165,-73.99879,40.72028,2025-06-12 16:01:04.526,2025-06-12 16:21:04.526,0.44519957579212355,0.3984651354699661,False
13,19,P,164,-73.98855723,40.7462009,2025-06-12 16:53:53.992,2025-06-12 17:13:53.992,0.3984651354699661,0.3718248673275102,False
13,20,D,164,-73.98286700248718,40.73139303364151,2025-06-12 16:53:53.992,2025-06-12 17:13:53.992,0.3718248673275102,0.29278363139606745,False
13,21,P,156,-73.97898475,40.7770575,2025-06-12 19:30:50.822,2025-06-12 19:50:50.822,0.29278363139606745,0.2445081748678917,False
13,22,D,156,-73.996765,40.752568,2025-06-12 19:30:50.822,2025-06-12 19:50:50.822,0.2445081748678917,0.23710547381231004,False
13,23,DEPOT,-1,-73.9915,40.751,,,0.23710547381231004,0.23710547381231004,False
14,0,DEPOT,-1,-73.9915,40.751,,,0.4531169817537395,0.42345492352167363,False
14,1,P,178,-74.008119,40.739323,2025-06-12 05:18:45.472,2025-06-12 05:38:45.472,0.42345492352167363,0.40930323650309786,False
14,2,D,178,-74.00887,40.73115,2025-06-12 05:18:45.472,2025-06-12 05:38:45.472,0.40930323650309786,0.3222136770764865,False
14,3,P,179,-73.96224617958069,40.76712840349542,2025-06-12 12:03:30.425,2025-06-12 12:23:30.425,0.3222136770764865,0.31076176659574856,False
14,4,D,179,-73.95856158,40.77314236,2025-06-12 12:03:30.425,2025-06-12 12:23:30.425,0.31076176659574856,0.292402606559644,False
14,5,P,170,-73.946041,40.7779453,2025-06-12 12:27:02.061,2025-06-12 12:47:02.061,0.292402606559644,0.24413746118998336,False
14,6,D,170,-73.967641,40.755293,2025-06-12 12:27:02.061,2025-06-12 12:47:02.061,0.24413746118998336,0.19858528711465895,False
14,7,P,176,-73.98093044757842,40.77966809007312,2025-06-12 13:44:53.723,2025-06-12 14:04:53.723,0.19858528711465895,0.15285291793592512,False
14,8,D,176,-73.946041,40.7779453,2025-06-12 13:44:53.723,2025-06-12 14:04:53.723,0.15285291793592512,0.07713754535931315,False
14,9,P,174,-73.935971,40.821111,2025-06-12 16:20:43.824,2025-06-12 16:40:43.824,0.6,0.5441455637600022,True
14,10,D,174,-73.9643412291,40.7969347,2025-06-12 16:20:43.824,2025-06-12 16:40:43.824,0.5441455637600022,0.39527595499118173,False
14,11,P,177,-74.00650128722191,40.71688538495366,2025-06-12 18:18:57.789,2025-06-12 18:38:57.789,0.39527595499118173,0.3888875575084095,False
14,12,D,177,-74.00234482,40.71494807,2025-06-12 18:18:57.789,2025-06-12 18:38:57.789,0.3888875575084095,0.33351768165301054,False
14,13,P,173,-73.98215353488922,40.74311555376486,2025-06-12 18:58:29.692,2025-06-12 19:18:29.692,0.33351768165301054,0.295537687055231,False
14,14,D,173,-73.99147535,40.72229346,2025-06-12 18:58:29.692,2025-06-12 19:18:29.692,0.295537687055231,0.24252770410682842,False
14,15,P,171,-73.9816324043,40.752062307,2025-06-12 19:32:00.870,2025-06-12 19:52:00.870,0.24252770410682842,0.22642628646204058,False
14,16,D,171,-73.970127,40.7487575,2025-06-12 19:32:00.870,2025-06-12 19:52:00.870,0.22642628646204058,0.2006187802496856,False
14,17,P,175,-73.988154,40.754818,2025-06-12 20:59:56.004,2025-06-12 21:19:56.004,0.2006187802496856,0.1383634656023337,False
14,18,D,175,-73.99266288,40.71893904,2025-06-12 20:59:56.004,2025-06-12 21:19:56.004,0.1383634656023337,0.13024370327625023,False
14,19,P,169,-73.99724900722504,40.722103786686034,2025-06-12 21:41:09.083,2025-06-12 22:01:09.083,0.13024370327625023,0.11890815210667108,False
14,20,D,169,-73.99968780577183,40.72840059450829,2025-06-12 21:41:09.083,2025-06-12 22:01:09.083,0.11890815210667108,0.07842730246319882,False
14,21,DEPOT,-1,-73.9915,40.751,,,0.07842730246319882,0.07842730246319882,False
15,0,DEPOT,-1,-73.9915,40.751,,,0.4077201315748031,0.33675772775851687,False
15,1,P,180,-73.99161100387573,40.70991806921533,2025-06-12 07:56:39.085,2025-06-12 08:16:39.085,0.33675772775851687,0.3126497450672191,False
15,2,D,180,-74.007867872715,40.70336686695866,2025-06-12 07:56:39.085,2025-06-12 08:16:39.085,0.3126497450672191,0.2226687762460596,False
15,3,P,188,-74.00059908628464,40.75516719072139,2025-06-12 10:19:26.383,2025-06-12 10:39:26.383,0.2226687762460596,0.19052800496550015,False
15,4,D,188,-73.978434,40.763189,2025-06-12 10:19:26.383,2025-06-12 10:39:26.383,0.19052800496550015,0.14964662128023698,False
15,5,P,181,-73.95407149,40.77801203,2025-06-12 10:46:04.484,2025-06-12 11:06:04.484,0.14964662128023698,0.13400367313547173,False
15,6,D,181,-73.95482273,40.7689738,2025-06-12 10:46:04.484,2025-06-12 11:06:04.484,0.13400367313547173,0.0801703421133104,False
15,7,P,189,-73.99379968643188,40.75898481399634,2025-06-12 11:42:23.690,2025-06-12 12:02:23.690,0.6,0.5702082546952789,True
15,8,D,189,-73.99415556,40.74173969,2025-06-12 11:42:23.690,2025-06-12 12:02:23.690,0.5702082546952789,0.5532583559641595,False
15,9,P,186,-73.993934,40.751551,2025-06-12 13:28:23.667,2025-06-12 13:48:23.667,0.5532583559641595,0.49426443060417413,False
15,10,D,186,-73.95348296,40.76663814,2025-06-12 13:28:23.667,2025-06-12 13:48:23.667,0.49426443060417413,0.4536583979219232,False
15,11,P,183,-73.98255,40.758397,2025-06-12 14:29:25.991,2025-06-12 14:49:25.991,0.4536583979219232,0.4432891223481823,False
15,12,D,183,-73.9900262,40.75640548,2025-06-12 14:29:25.991,2025-06-12 14:49:25.991,0.4432891223481823,0.4335671950341281,False
15,13,P,187,-73.982631,40.756951,2025-06-12 16:56:29.515,2025-06-12 17:16:29.515,0.4335671950341281,0.40819693617902025,False
15,14,D,187,-73.98261428,40.77163851,2025-06-12 16:56:29.515,2025-06-12 17:16:29.515,0.40819693617902025,0.3545469410649022,False
15,15,P,185,-74.005141,40.745686,2025-06-12 17:37:19.808,2025-06-12 17:57:19.808,0.3545469410649022,0.3545469410649022,False
15,16,D,185,-74.005141,40.745686,2025-06-12 17:37:19.808,2025-06-12 17:57:19.808,0.3545469410649022,0.3448817712566073,False
15,17,P,182,-74.00176802,40.75066386,2025-06-12 18:07:10.373,2025-06-12 18:27:10.373,0.3448817712566073,0.30985153247413993,False
15,18,D,182,-74.00214988,40.73038599,2025-06-12 18:07:10.373,2025-06-12 18:27:10.373,0.30985153247413993,0.14847674162047447,False
15,19,P,184,-73.960405,40.818299,2025-06-12 21:37:56.241,2025-06-12 21:57:56.241,0.14847674162047447,0.13614003970336097,False
15,20,D,184,-73.954743,40.824013,2025-06-12 21:37:56.241,2025-06-12 21:57:56.241,0.6,0.4650309885006323,True
15,21,DEPOT,-1,-73.9915,40.751,,,0.4650309885006323,0.4650309885006323,False
16,0,DEPOT,-1,-73.9915,40.751,,,0.47646280527332524,0.4669286601960266,False
16,1,P,203,-73.9900262,40.75640548,2025-06-12 05:38:54.621,2025-06-12 05:58:54.621,0.4669286601960266,0.44082944469764923,False
16,2,D,203,-73.97209525108337,40.76302594280519,2025-06-12 05:38:54.621,2025-06-12 05:58:54.621,0.44082944469764923,0.3730350161214765,False
16,3,P,197,-73.97901266813278,40.72412944090093,2025-06-12 07:20:12.831,2025-06-12 07:40:12.831,0.3730350161214765,0.3550707926548742,False
16,4,D,197,-73.99075269699097,40.72951496224949,2025-06-12 07:20:12.831,2025-06-12 07:40:12.831,0.3550707926548742,0.3143359557785446,False
16,5,P,192,-73.9816324043,40.752062307,2025-06-12 11:08:51.707,2025-06-12 11:28:51.707,0.3143359557785446,0.29706683502891673,False
16,6,D,192,-73.9946848154068,40.7505853470215,2025-06-12 11:08:51.707,2025-06-12 11:28:51.707,0.29706683502891673,0.28177173277664846,False
16,7,P,193,-73.99415556,40.74173969,2025-06-12 12:22:01.180,2025-06-12 12:42:01.180,0.28177173277664846,0.268531930191633,False
16,8,D,193,-73.9916,40.749156,2025-06-12 12:22:01.180,2025-06-12 12:42:01.180,0.268531930191633,0.2279565547246754,False
16,9,P,196,-73.98261428,40.77163851,2025-06-12 15:00:54.678,2025-06-12 15:20:54.678,0.2279565547246754,0.21977422081420117,False
16,10,D,196,-73.98169333,40.76695317,2025-06-12 15:00:54.678,2025-06-12 15:20:54.678,0.21977422081420117,0.16740014279567506,False
16,11,P,194,-74.00681753,40.74334935,2025-06-12 15:02:02.616,2025-06-12 15:22:02.616,0.16740014279567506,0.16280617752250556,False
16,12,D,194,-74.005141,40.745686,2025-06-12 15:02:02.616,2025-06-12 15:22:02.616,0.16280617752250556,0.14136696526750875,False
16,13,P,201,-73.98918628692627,40.74286877312112,2025-06-12 16:02:00.330,2025-06-12 16:22:00.330,0.14136696526750875,0.11718210570959844,False
16,14,D,201,-74.002353,40.752694,2025-06-12 16:02:00.330,2025-06-12 16:22:00.330,0.6,0.4781012369857761,True
16,15,P,195,-73.9452087,40.808442,2025-06-12 17:45:30.162,2025-06-12 18:05:30.162,0.4781012369857761,0.44587886475103955,False
16,16,D,195,-73.96649479866028,40.79904139288298,2025-06-12 17:45:30.162,2025-06-12 18:05:30.162,0.44587886475103955,0.3287616778461015,False
16,17,P,200,-73.98165557,40.73221853,2025-06-12 18:57:18.768,2025-06-12 19:17:18.768,0.3287616778461015,0.32072096316031934,False
16,18,D,200,-73.98473765,40.73624527,2025-06-12 18:57:18.768,2025-06-12 19:17:18.768,0.32072096316031934,0.30269230420760734,False
16,19,P,202,-73.97449783980846,40.74322681432173,2025-06-12 20:44:15.471,2025-06-12 21:04:15.471,0.30269230420760734,0.280136654621442,False
16,20,D,202,-73.96592976,40.75455731,2025-06-12 20:44:15.471,2025-06-12 21:04:15.471,0.280136654621442,0.246118095283826,False
16,21,DEPOT,-1,-73.9915,40.751,,,0.246118095283826,0.246118095283826,False
17,0,DEPOT,-1,-73.9915,40.751,,,0.3734016237818768,0.32858759594453346,False
17,1,P,204,-73.96703464,40.7691572,2025-06-12 05:44:19.143,2025-06-12 06:04:19.143,0.32858759594453346,0.30950148165222874,False
17,2,D,204,-73.97374737,40.77896784,2025-06-12 05:44:19.143,2025-06-12 06:04:19.143,0.30950148165222874,0.23283866529843095,False
17,3,P,208,-73.99642959237099,40.738046142482766,2025-06-12 08:48:14.813,2025-06-12 09:08:14.813,0.23283866529843095,0.22579863948298032,False
17,4,D,208,-73.99415556,40.74173969,2025-06-12 08:48:14.813,2025-06-12 09:08:14.813,0.22579863948298032,0.07134594485548035,False
17,5,P,213,-73.936521,40.819783,2025-06-12 10:11:41.656,2025-06-12 10:31:41.656,0.07134594485548035,0.06605504404766409,False
17,6,D,213,-73.938787,40.817245,2025-06-12 10:11:41.656,2025-06-12 10:31:41.656,0.6,0.4986341784178231,True
17,7,P,211,-73.97634151,40.76590936,2025-06-12 11:34:27.689,2025-06-12 11:54:27.689,0.4986341784178231,0.4313502548454342,False
17,8,D,211,-73.96699104,40.804213,2025-06-12 11:34:27.689,2025-06-12 11:54:27.689,0.4313502548454342,0.271056136653404,False
17,9,P,209,-73.99673,40.71419,2025-06-12 13:42:00.980,2025-06-12 14:02:00.980,0.271056136653404,0.2554595855256731,False
17,10,D,209,-73.99147535,40.72229346,2025-06-12 13:42:00.980,2025-06-12 14:02:00.980,0.2554595855256731,0.24114549817053627,False
17,11,P,212,-74.00238141417502,40.72170005235607,2025-06-12 13:53:31.837,2025-06-12 14:13:31.837,0.24114549817053627,0.20417282515544485,False
17,12,D,212,-74.00747358798981,40.74275382865903,2025-06-12 13:53:31.837,2025-06-12 14:13:31.837,0.20417282515544485,0.1802392290329674,False
17,13,P,215,-73.98918628692627,40.74286877312112,2025-06-12 17:27:58.886,2025-06-12 17:47:58.886,0.1802392290329674,0.10523006505494739,False
17,14,D,215,-73.97667321,40.78524672,2025-06-12 17:27:58.886,2025-06-12 17:47:58.886,0.6,0.506176272745728,True
17,15,P,207,-73.94510813442648,40.83402740143528,2025-06-12 18:15:47.606,2025-06-12 18:35:47.606,0.506176272745728,0.5003759091265712,False
17,16,D,207,-73.9466,40.83719,2025-06-12 18:15:47.606,2025-06-12 18:35:47.606,0.5003759091265712,0.3019437235962587,False
17,17,P,205,-74.00674436,40.73172428,2025-06-12 19:23:27.944,2025-06-12 19:43:27.944,0.3019437235962587,0.29898985712042625,False
17,18,D,205,-74.00887,40.73115,2025-06-12 19:23:27.944,2025-06-12 19:43:27.944,0.29898985712042625,0.24472408720489927,False
17,19,P,210,-73.977706,40.751873,2025-06-12 21:57:19.550,2025-06-12 22:17:19.550,0.24472408720489927,0.20614206666252596,False
17,20,D,210,-73.95840793848038,40.7687620293096,2025-06-12 21:57:19.550,2025-06-12 22:17:19.550,0.20614206666252596,0.15307668811726033,False
17,21,DEPOT,-1,-73.9915,40.751,,,0.15307668811726033,0.15307668811726033,False
18,0,DEPOT,-1,-73.9915,40.751,,,0.5338025461184421,0.49062320144784394,False
18,1,P,227,-73.98616880178452,40.72633085971696,2025-06-12 07:41:46.713,2025-06-12 08:01:46.713,0.49062320144784394,0.45816527029007287,False
18,2,D,227,-74.010065,40.721319,2025-06-12 07:41:46.713,2025-06-12 08:01:46.713,0.45816527029007287,0.40620153520855007,False
18,3,P,219,-73.99839279,40.7500727,2025-06-12 08:32:08.478,2025-06-12 08:52:08.478,0.40620153520855007,0.3866977167220824,False
18,4,D,219,-74.0052741765976,40.74005708567285,2025-06-12 08:32:08.478,2025-06-12 08:52:08.478,0.3866977167220824,0.3619104120610405,False
18,5,P,226,-73.993934,40.751551,2025-06-12 09:30:39.411,2025-06-12 09:50:39.411,0.3619104120610405,0.3471319588028724,False
18,6,D,226,-74.005226,40.751396,2025-06-12 09:30:39.411,2025-06-12 09:50:39.411,0.3471319588028724,0.2836112770243146,False
18,7,P,222,-74.00910627,40.71473993,2025-06-12 10:46:29.911,2025-06-12 11:06:29.911,0.2836112770243146,0.26750388399913466,False
18,8,D,222,-74.00965965,40.72405549,2025-06-12 10:46:29.911,2025-06-12 11:06:29.911,0.26750388399913466,0.2572877661352179,False
18,9,P,217,-74.00297088,40.72710258,2025-06-12 13:08:34.787,2025-06-12 13:28:34.787,0.2572877661352179,0.24687123305409564,False
18,10,D,217,-74.00887,40.73115,2025-06-12 13:08:34.787,2025-06-12 13:28:34.787,0.24687123305409564,0.2126317239356444,False
18,11,P,225,-73.99191,40.71606,2025-06-12 15:19:41.003,2025-06-12 15:39:41.003,0.2126317239356444,0.1910102814150682,False
18,12,D,225,-74.00495,40.70838,2025-06-12 15:19:41.003,2025-06-12 15:39:41.003,0.1910102814150682,0.09381365188646536,False
18,13,P,223,-73.97982001304626,40.76132983124814,2025-06-12 16:26:37.593,2025-06-12 16:46:37.593,0.6,0.5647319273365935,True
18,14,D,223,-73.95482273,40.7689738,2025-06-12 16:26:37.593,2025-06-12 16:46:37.593,0.5647319273365935,0.530334296319187,False
18,15,P,220,-73.97811613976955,40.75973805251143,2025-06-12 16:53:41.602,2025-06-12 17:13:41.602,0.530334296319187,0.493517141904337,False
18,16,D,220,-74.002950346,40.749717753,2025-06-12 16:53:41.602,2025-06-12 17:13:41.602,0.493517141904337,0.43232051564669144,False
18,17,P,224,-74.01246,40.71503,2025-06-12 17:42:19.743,2025-06-12 18:02:19.743,0.43232051564669144,0.4225430652340655,False
18,18,D,224,-74.0086269379,40.719887998,2025-06-12 17:42:19.743,2025-06-12 18:02:19.743,0.4225430652340655,0.25448889125225177,False
18,19,P,216,-73.9634,40.8109494,2025-06-12 22:00:34.851,2025-06-12 22:20:34.851,0.25448889125225177,0.22930802720417556,False
18,20,D,216,-73.97041192,40.7973721,2025-06-12 22:00:34.851,2025-06-12 22:20:34.851,0.22930802720417556,0.1575535087271117,False
18,21,P,218,-73.99461843,40.76009437,2025-06-12 22:45:42.175,2025-06-12 23:05:42.175,0.1575535087271117,0.08579899025004788,False
18,22,D,218,-73.97041192,40.7973721,2025-06-12 22:45:42.175,2025-06-12 23:05:42.175,0.6,0.5152829729580539,True
18,23,DEPOT,-1,-73.9915,40.751,,,0.5152829729580539,0.5152829729580539,False
19,0,DEPOT,-1,-73.9915,40.751,,,0.49264952381563354,0.47960766386797143,False
19,1,P,233,-73.9816324043,40.752062307,2025-06-12 04:20:57.526,2025-06-12 04:40:57.526,0.47960766386797143,0.43522086097754836,False
19,2,D,233,-74.00697,40.73498,2025-06-12 04:20:57.526,2025-06-12 04:40:57.526,0.43522086097754836,0.39961166175311114,False
19,3,P,230,-73.98047178983688,40.73031071000895,2025-06-12 06:40:59.002,2025-06-12 07:00:59.002,0.39961166175311114,0.36394993027523576,False
19,4,D,230,-73.9916,40.749156,2025-06-12 06:40:59.002,2025-06-12 07:00:59.002,0.36394993027523576,0.3002385290210343,False
19,5,P,232,-74.00910627,40.71473993,2025-06-12 10:34:56.663,2025-06-12 10:54:56.663,0.3002385290210343,0.2562205620184819,False
19,6,D,232,-74.0052741765976,40.74005708567285,2025-06-12 10:34:56.663,2025-06-12 10:54:56.663,0.2562205620184819,0.23260376666568763,False
19,7,P,235,-73.99011,40.732647,2025-06-12 12:53:56.917,2025-06-12 13:13:56.917,0.23260376666568763,0.2150438448169325,False
19,8,D,235,-73.99852573871613,40.74056423633952,2025-06-12 12:53:56.917,2025-06-12 13:13:56.917,0.2150438448169325,0.06720349974756698,False
19,9,P,237,-73.950988,40.818215,2025-06-12 14:38:45.125,2025-06-12 14:58:45.125,0.6,0.5835199050842218,True
19,10,D,237,-73.9430681,40.8107922,2025-06-12 14:38:45.125,2025-06-12 14:58:45.125,0.5835199050842218,0.4502969723221145,False
19,11,P,239,-73.97738662,40.7381765,2025-06-12 15:14:31.047,2025-06-12 15:34:31.047,0.4502969723221145,0.44797781566987993,False
19,12,D,239,-73.976806,40.739445,2025-06-12 15:14:31.047,2025-06-12 15:34:31.047,0.44797781566987993,0.40096083096177215,False
19,13,P,229,-73.971518,40.766368,2025-06-12 17:07:24.271,2025-06-12 17:27:24.271,0.40096083096177215,0.3528245762484922,False
19,14,D,229,-73.974124,40.7941654,2025-06-12 17:07:24.271,2025-06-12 17:27:24.271,0.3528245762484922,0.27555873837896133,False
19,15,P,238,-73.97729203113158,40.7494985460252,2025-06-12 17:33:57.326,2025-06-12 17:53:57.326,0.27555873837896133,0.23903192628507852,False
19,16,D,238,-73.99800419,40.73532427,2025-06-12 17:33:57.326,2025-06-12 17:53:57.326,0.23903192628507852,0.2272818728332034,False
19,17,P,236,-74.00697,40.73498,2025-06-12 21:58:38.038,2025-06-12 22:18:38.038,0.2272818728332034,0.20165759707606484,False
19,18,D,236,-73.99724900722504,40.722103786686034,2025-06-12 21:58:38.038,2025-06-12 22:18:38.038,0.20165759707606484,0.1523460625132549,False
19,19,P,234,-73.9946848154068,40.7505853470215,2025-06-12 23:10:55.760,2025-06-12 23:30:55.760,0.1523460625132549,0.14245201211972278,False
19,20,D,234,-73.99529885,40.74487634,2025-06-12 23:10:55.760,2025-06-12 23:30:55.760,0.14245201211972278,0.130764463240552,False
19,21,DEPOT,-1,-73.9915,40.751,,,0.130764463240552,0.130764463240552,False
20,0,DEPOT,-1,-73.9915,40.751,,,0.5191984254179284,0.44610497054334264,False
20,1,P,244,-73.9488134,40.778301,2025-06-12 05:29:12.031,2025-06-12 05:49:12.031,0.44610497054334264,0.4305488042565404,False
20,2,D,244,-73.95856158,40.77314236,2025-06-12 05:29:12.031,2025-06-12 05:49:12.031,0.4305488042565404,0.3099157252030237,False
20,3,P,251,-74.00910627,40.71473993,2025-06-12 12:58:17.292,2025-06-12 13:18:17.292,0.3099157252030237,0.28554048196766685,False
20,4,D,251,-74.008591,40.728846,2025-06-12 12:58:17.292,2025-06-12 13:18:17.292,0.28554048196766685,0.256334138392319,False
20,5,P,249,-73.99415556,40.74173969,2025-06-12 13:36:59.947,2025-06-12 13:56:59.947,0.256334138392319,0.2479765718569803,False
20,6,D,249,-73.99915362,40.74475148,2025-06-12 13:36:59.947,2025-06-12 13:56:59.947,0.2479765718569803,0.22839749384246266,False
20,7,P,242,-73.99177,40.75461,2025-06-12 16:12:10.697,2025-06-12 16:32:10.697,0.22839749384246266,0.21154290743899495,False
20,8,D,242,-73.97896572947502,40.75354681867074,2025-06-12 16:12:10.697,2025-06-12 16:32:10.697,0.21154290743899495,0.16997078576956892,False
20,9,P,246,-74.0052741765976,40.74005708567285,2025-06-12 17:38:20.953,2025-06-12 17:58:20.953,0.16997078576956892,0.15277234068397125,False
20,10,D,246,-74.00214988,40.73038599,2025-06-12 17:38:20.953,2025-06-12 17:58:20.953,0.15277234068397125,0.11033081625586952,False
20,11,P,243,-73.99740189313889,40.754691750226016,2025-06-12 18:06:45.305,2025-06-12 18:26:45.305,0.6,0.5244772803842601,True
20,12,D,243,-73.9488134,40.778301,2025-06-12 18:06:45.305,2025-06-12 18:26:45.305,0.5244772803842601,0.4613868238163299,False
20,13,P,248,-73.971822,40.746202,2025-06-12 18:54:00.256,2025-06-12 19:14:00.256,0.4613868238163299,0.4241874596777424,False
20,14,D,248,-73.98313522338867,40.765959181657976,2025-06-12 18:54:00.256,2025-06-12 19:14:00.256,0.4241874596777424,0.3882378916447821,False
20,15,P,245,-74.00176802,40.75066386,2025-06-12 22:38:52.108,2025-06-12 22:58:52.108,0.3882378916447821,0.3676620023037221,False
20,16,D,245,-73.996975,40.762009,2025-06-12 22:38:52.108,2025-06-12 22:58:52.108,0.3676620023037221,0.3473411808175465,False
20,17,DEPOT,-1,-73.9915,40.751,,,0.3473411808175465,0.3473411808175465,False
21,0,DEPOT,-1,-73.9915,40.751,,,0.43445045330727233,0.39874778130356403,False
21,1,P,255,-73.98286700248718,40.73139303364151,2025-06-12 04:27:14.267,2025-06-12 04:47:14.267,0.39874778130356403,0.3897257740600439,False
21,2,D,255,-73.98379855,40.72621788,2025-06-12 04:27:14.267,2025-06-12 04:47:14.267,0.3897257740600439,0.35987210609553716,False
21,3,P,260,-73.99400398,40.71076228,2025-06-12 08:14:06.887,2025-06-12 08:34:06.887,0.35987210609553716,0.2910785578337193,False
21,4,D,260,-73.9946848154068,40.7505853470215,2025-06-12 08:14:06.887,2025-06-12 08:34:06.887,0.2910785578337193,0.2558626785753984,False
21,5,P,257,-73.96784384,40.75206862,2025-06-12 08:47:27.128,2025-06-12 09:07:27.128,0.2558626785753984,0.2410872451098664,False
21,6,D,257,-73.97896572947502,40.75354681867074,2025-06-12 08:47:27.128,2025-06-12 09:07:27.128,0.2410872451098664,0.20407834791697294,False
21,7,P,261,-73.98165557,40.73221853,2025-06-12 09:06:36.708,2025-06-12 09:26:36.708,0.20407834791697294,0.18887994337957675,False
21,8,D,261,-73.99006,40.73829,2025-06-12 09:06:36.708,2025-06-12 09:26:36.708,0.18887994337957675,0.157205161675126,False
21,9,P,259,-73.974996,40.752643,2025-06-12 13:38:10.941,2025-06-12 13:58:10.941,0.157205161675126,0.1421137400809672,False
21,10,D,259,-73.96759673,40.75934501,2025-06-12 13:38:10.941,2025-06-12 13:58:10.941,0.6,0.47893282468096454,True
21,11,P,258,-73.936232,40.825289,2025-06-12 14:23:22.562,2025-06-12 14:43:22.562,0.47893282468096454,0.4718897671029488,False
21,12,D,258,-73.941616,40.825125,2025-06-12 14:23:22.562,2025-06-12 14:43:22.562,0.4718897671029488,0.3794047382429917,False
21,13,P,252,-73.95856158,40.77314236,2025-06-12 15:55:42.005,2025-06-12 16:15:42.005,0.3794047382429917,0.33649524012978665,False
21,14,D,252,-73.97121414,40.75022392,2025-06-12 15:55:42.005,2025-06-12 16:15:42.005,0.33649524012978665,0.3288845139858438,False
21,15,P,253,-73.971878855,40.7546011026,2025-06-12 17:20:18.127,2025-06-12 17:40:18.127,0.3288845139858438,0.2873608667426384,False
21,16,D,253,-74.002950346,40.749717753,2025-06-12 17:20:18.127,2025-06-12 17:40:18.127,0.2873608667426384,0.2774578088478392,False
21,17,P,262,-74.00059908628464,40.75516719072139,2025-06-12 20:22:51.345,2025-06-12 20:42:51.345,0.2774578088478392,0.2647239320771251,False
21,18,D,262,-73.996975,40.762009,2025-06-12 20:22:51.345,2025-06-12 20:42:51.345,0.2647239320771251,0.22965894931990033,False
21,19,P,254,-73.97898475,40.7770575,2025-06-12 22:23:32.246,2025-06-12 22:43:32.246,0.22965894931990033,0.19639767663748853,False
21,20,D,254,-73.9912551,40.76019252,2025-06-12 22:23:32.246,2025-06-12 22:43:32.246,0.19639767663748853,0.1805158824700238,False
21,21,DEPOT,-1,-73.9915,40.751,,,0.1805158824700238,0.1805158824700238,False
22,0,DEPOT,-1,-73.9915,40.751,,,0.5638465851229296,0.554312440045631,False
22,1,P,271,-73.9900262,40.75640548,2025-06-12 01:54:40.180,2025-06-12 02:14:40.180,0.554312440045631,0.4863421247924397,False
22,2,D,271,-73.94963040947914,40.78115276427915,2025-06-12 01:54:40.180,2025-06-12 02:14:40.180,0.4863421247924397,0.3420362730269579,False
22,3,P,270,-74.00655090808868,40.70960089363537,2025-06-12 06:20:01.229,2025-06-12 06:40:01.229,0.3420362730269579,0.33109632317763366,False
22,4,D,270,-74.01122331619263,40.71485150526251,2025-06-12 06:20:01.229,2025-06-12 06:40:01.229,0.33109632317763366,0.30277530611789205,False
22,5,P,266,-74.00887,40.73115,2025-06-12 08:26:15.845,2025-06-12 08:46:15.845,0.30277530611789205,0.28733864781047525,False
22,6,D,266,-74.0106,40.72231,2025-06-12 08:26:15.845,2025-06-12 08:46:15.845,0.28733864781047525,0.23894914331332137,False
22,7,P,268,-74.002950346,40.749717753,2025-06-12 09:49:31.947,2025-06-12 10:09:31.947,0.23894914331332137,0.2133771072372831,False
22,8,D,268,-73.99238967,40.73726186,2025-06-12 09:49:31.947,2025-06-12 10:09:31.947,0.2133771072372831,0.12797865020672655,False
22,9,P,265,-73.97667321,40.78524672,2025-06-12 15:14:17.052,2025-06-12 15:34:17.052,0.12797865020672655,0.09285603248747246,False
22,10,D,265,-73.96699104,40.804213,2025-06-12 15:14:17.052,2025-06-12 15:34:17.052,0.6,0.5372718306702835,True
22,11,P,274,-73.99005,40.77237,2025-06-12 15:51:41.493,2025-06-12 16:11:41.493,0.5372718306702835,0.5074982966028627,False
22,12,D,274,-73.99971440439913,40.75676475086503,2025-06-12 15:51:41.493,2025-06-12 16:11:41.493,0.5074982966028627,0.47807684876650336,False
22,13,P,269,-73.98169333,40.76695317,2025-06-12 16:03:27.776,2025-06-12 16:23:27.776,0.47807684876650336,0.4565226733924044,False
22,14,D,269,-73.96724467,40.76095756,2025-06-12 16:03:27.776,2025-06-12 16:23:27.776,0.4565226733924044,0.405291552354886,False
22,15,P,273,-73.99456405,40.73971301,2025-06-12 17:11:24.867,2025-06-12 17:31:24.867,0.405291552354886,0.36465078696732717,False
22,16,D,273,-73.98042047,40.7606597,2025-06-12 17:11:24.867,2025-06-12 17:31:24.867,0.36465078696732717,0.3189721429281355,False
22,17,P,272,-73.95407149,40.77801203,2025-06-12 18:45:41.839,2025-06-12 19:05:41.839,0.3189721429281355,0.30871299118523476,False
22,18,D,272,-73.95856158,40.77314236,2025-06-12 18:45:41.839,2025-06-12 19:05:41.839,0.30871299118523476,0.2805617189618189,False
22,19,P,267,-73.9536,40.757284,2025-06-12 19:30:56.554,2025-06-12 19:50:56.554,0.2805617189618189,0.2805617189618189,False
22,20,D,267,-73.9536,40.757284,2025-06-12 19:30:56.554,2025-06-12 19:50:56.554,0.2805617189618189,0.2514405312607291,False
22,21,P,264,-73.974996,40.752643,2025-06-12 23:01:59.283,2025-06-12 23:21:59.283,0.2514405312607291,0.18438359057884607,False
22,22,D,264,-74.00965965,40.72405549,2025-06-12 23:01:59.283,2025-06-12 23:21:59.283,0.18438359057884607,0.1321239053801281,False
22,23,DEPOT,-1,-73.9915,40.751,,,0.1321239053801281,0.1321239053801281,False
23,0,DEPOT,-1,-73.9915,40.751,,,0.5475554354776615,0.4832592006598717,False
23,1,P,286,-74.0091059,40.71625008,2025-06-12 05:16:56.031,2025-06-12 05:36:56.031,0.4832592006598717,0.45818157241542634,False
23,2,D,286,-73.99510189890862,40.72615604980408,2025-06-12 05:16:56.031,2025-06-12 05:36:56.031,0.45818157241542634,0.38525272675290295,False
23,3,P,284,-73.992573,40.768333,2025-06-12 06:53:49.651,2025-06-12 07:13:49.651,0.38525272675290295,0.3679301399203511,False
23,4,D,284,-73.98486793041229,40.76017739537783,2025-06-12 06:53:49.651,2025-06-12 07:13:49.651,0.3679301399203511,0.3320379587309259,False
23,5,P,276,-73.95818491,40.76500525,2025-06-12 07:41:27.309,2025-06-12 08:01:27.309,0.3320379587309259,0.32426424946196636,False
23,6,D,276,-73.9614,40.76879,2025-06-12 07:41:27.309,2025-06-12 08:01:27.309,0.32426424946196636,0.27653381070024424,False
23,7,P,278,-73.98490707,40.74765947,2025-06-12 07:59:19.413,2025-06-12 08:19:19.413,0.27653381070024424,0.2609073259722698,False
23,8,D,278,-73.97449783980846,40.74322681432173,2025-06-12 07:59:19.413,2025-06-12 08:19:19.413,0.2609073259722698,0.1987679554081089,False
23,9,P,277,-73.9468208,40.7724607,2025-06-12 08:44:23.996,2025-06-12 09:04:23.996,0.1987679554081089,0.18545966868292757,False
23,10,D,277,-73.95348296,40.76663814,2025-06-12 08:44:23.996,2025-06-12 09:04:23.996,0.18545966868292757,0.13781594171154854,False
23,11,P,282,-73.98658032,40.75513557,2025-06-12 08:44:52.141,2025-06-12 09:04:52.141,0.13781594171154854,0.13568501305578354,False
23,12,D,282,-73.988154,40.754818,2025-06-12 08:44:52.141,2025-06-12 09:04:52.141,0.13568501305578354,0.09385233985895644,False
23,13,P,283,-74.00859207,40.7361967,2025-06-12 11:29:26.865,2025-06-12 11:49:26.865,0.09385233985895644,0.07557013456876516,False
23,14,D,283,-73.99726235,40.74238787,2025-06-12 11:29:26.865,2025-06-12 11:49:26.865,0.6,0.5272085835005792,True
23,15,P,279,-73.96427392959595,40.77632142182271,2025-06-12 16:44:11.275,2025-06-12 17:04:11.275,0.5272085835005792,0.4956700183942105,False
23,16,D,279,-73.95249933,40.7922553,2025-06-12 16:44:11.275,2025-06-12 17:04:11.275,0.4956700183942105,0.37060683971372155,False
23,17,P,281,-74.00214988,40.73038599,2025-06-12 23:12:38.678,2025-06-12 23:32:38.678,0.37060683971372155,0.337624428596992,False
23,18,D,281,-74.00552427,40.71146364,2025-06-12 23:12:38.678,2025-06-12 23:32:38.678,0.337624428596992,0.266907767470976,False
23,19,DEPOT,-1,-73.9915,40.751,,,0.266907767470976,0.266907767470976,False
24,0,DEPOT,-1,-73.9915,40.751,,,0.5234605343854899,0.5053883535061883,False
24,1,P,296,-73.98486793041229,40.76017739537783,2025-06-12 07:32:19.929,2025-06-12 07:52:19.929,0.5053883535061883,0.5053883535061883,False
24,2,D,296,-73.98486793041229,40.76017739537783,2025-06-12 07:32:19.929,2025-06-12 07:52:19.929,0.5053883535061883,0.4340432834899321,False
24,3,P,297,-73.94755757,40.7903051,2025-06-12 07:46:51.048,2025-06-12 08:06:51.048,0.4340432834899321,0.39243430940223684,False
24,4,D,297,-73.95348296,40.76663814,2025-06-12 07:46:51.048,2025-06-12 08:06:51.048,0.39243430940223684,0.31674040631475014,False
24,5,P,292,-73.98426726,40.72953837,2025-06-12 08:37:17.274,2025-06-12 08:57:17.274,0.31674040631475014,0.2926328693581044,False
24,6,D,292,-74.00165855884552,40.72494672359416,2025-06-12 08:37:17.274,2025-06-12 08:57:17.274,0.2926328693581044,0.19885188171770102,False
24,7,P,294,-73.96409422159195,40.77118287540658,2025-06-12 10:47:41.186,2025-06-12 11:07:41.186,0.19885188171770102,0.18606557974271787,False
24,8,D,294,-73.971518,40.766368,2025-06-12 10:47:41.186,2025-06-12 11:07:41.186,0.18606557974271787,0.1731038432973832,False
24,9,P,288,-73.980973,40.764126,2025-06-12 11:04:52.737,2025-06-12 11:24:52.737,0.1731038432973832,0.1385683658039514,False
24,10,D,288,-73.97137,40.78275,2025-06-12 11:04:52.737,2025-06-12 11:24:52.737,0.1385683658039514,0.09715693041459494,False
24,11,P,290,-73.98655101656914,40.76171227910671,2025-06-12 14:40:42.953,2025-06-12 15:00:42.953,0.6,0.5303880581083665,True
24,12,D,290,-73.96649479866028,40.79904139288298,2025-06-12 14:40:42.953,2025-06-12 15:00:42.953,0.5303880581083665,0.4801877092209809,False
24,13,P,299,-73.94989233,40.7728384,2025-06-12 16:39:45.936,2025-06-12 16:59:45.936,0.4801877092209809,0.45546642153346184,False
24,14,D,299,-73.96094022,40.7612274,2025-06-12 16:39:45.936,2025-06-12 16:59:45.936,0.45546642153346184,0.39162559576461947,False
24,15,P,293,-73.9605909006,40.7981856,2025-06-12 17:00:47.374,2025-06-12 17:20:47.374,0.39162559576461947,0.38626663782207515,False
24,16,D,293,-73.9643412291,40.7969347,2025-06-12 17:00:47.374,2025-06-12 17:20:47.374,0.38626663782207515,0.27678734094071106,False
24,17,P,298,-73.99931783,40.73935542,2025-06-12 17:43:30.788,2025-06-12 18:03:30.788,0.27678734094071106,0.2670252600958238,False
24,18,D,298,-73.99238967,40.73726186,2025-06-12 17:43:30.788,2025-06-12 18:03:30.788,0.2670252600958238,0.20830427629529313,False
24,19,P,291,-73.9646,40.763954,2025-06-12 20:44:26.008,2025-06-12 21:04:26.008,0.20830427629529313,0.1995845886189406,False
24,20,D,291,-73.962658,40.759125,2025-06-12 20:44:26.008,2025-06-12 21:04:26.008,0.1995845886189406,0.1593205684667512,False
24,21,DEPOT,-1,-73.9915,40.751,,,0.1593205684667512,0.1593205684667512,False
25,0,DEPOT,-1,-73.9915,40.751,,,0.40087412864891314,0.39125797299016896,False
25,1,P,309,-73.98658032,40.75513557,2025-06-12 08:54:22.441,2025-06-12 09:14:22.441,0.39125797299016896,0.37608832907724093,False
25,2,D,309,-73.97498696,40.75510267,2025-06-12 08:54:22.441,2025-06-12 09:14:22.441,0.37608832907724093,0.35054829417215255,False
25,3,P,303,-73.993934,40.751551,2025-06-12 10:04:53.044,2025-06-12 10:24:53.044,0.35054829417215255,0.31225764065939654,False
25,4,D,303,-73.99075269699097,40.72951496224949,2025-06-12 10:04:53.044,2025-06-12 10:24:53.044,0.31225764065939654,0.2815002328918741,False
25,5,P,304,-73.99193043,40.71173107,2025-06-12 11:25:18.360,2025-06-12 11:45:18.360,0.2815002328918741,0.262277579244347,False
25,6,D,304,-73.99724900722504,40.722103786686034,2025-06-12 11:25:18.360,2025-06-12 11:45:18.360,0.262277579244347,0.16139775871903825,False
25,7,P,300,-73.97754961,40.7785669,2025-06-12 12:29:22.527,2025-06-12 12:49:22.527,0.16139775871903825,0.11915772551689938,False
25,8,D,300,-73.967641,40.755293,2025-06-12 12:29:22.527,2025-06-12 12:49:22.527,0.11915772551689938,0.0786748097686587,False
25,9,P,310,-73.96069399,40.7781314,2025-06-12 12:51:12.554,2025-06-12 13:11:12.554,0.6,0.5707993532440047,True
25,10,D,310,-73.96094022,40.7612274,2025-06-12 12:51:12.554,2025-06-12 13:11:12.554,0.5707993532440047,0.5094574980696467,False
25,11,P,311,-73.9383,40.7923272,2025-06-12 14:47:09.431,2025-06-12 15:07:09.431,0.5094574980696467,0.48858971064793283,False
25,12,D,311,-73.94594,40.7817212,2025-06-12 14:47:09.431,2025-06-12 15:07:09.431,0.48858971064793283,0.4353166066533714,False
25,13,P,306,-73.98169333,40.76695317,2025-06-12 16:15:01.710,2025-06-12 16:35:01.710,0.4353166066533714,0.415048948336467,False
25,14,D,306,-73.98316936,40.75527307,2025-06-12 16:15:01.710,2025-06-12 16:35:01.710,0.415048948336467,0.3778253077532587,False
25,15,P,301,-73.99431,40.735445,2025-06-12 16:17:59.624,2025-06-12 16:37:59.624,0.3778253077532587,0.3669503910476038,False
25,16,D,301,-73.99415556,40.74173969,2025-06-12 16:17:59.624,2025-06-12 16:37:59.624,0.3669503910476038,0.29897624152465285,False
25,17,P,307,-74.00670227,40.70355377,2025-06-12 21:09:28.354,2025-06-12 21:29:28.354,0.29897624152465285,0.2416508305999631,False
25,18,D,307,-73.98286700248718,40.73139303364151,2025-06-12 21:09:28.354,2025-06-12 21:29:28.354,0.2416508305999631,0.18905790712314088,False
25,19,P,302,-73.98655101656914,40.76171227910671,2025-06-12 22:44:15.294,2025-06-12 23:04:15.294,0.18905790712314088,0.17813916726614534,False
25,20,D,302,-73.99461843,40.76009437,2025-06-12 22:44:15.294,2025-06-12 23:04:15.294,0.17813916726614534,0.16190886924025077,False
25,21,DEPOT,-1,-73.9915,40.751,,,0.16190886924025077,0.16190886924025077,False
26,0,DEPOT,-1,-73.9915,40.751,,,0.45801141078267715,0.44456263200571505,False
26,1,P,318,-74.00176802,40.75066386,2025-06-12 06:48:42.169,2025-06-12 07:08:42.169,0.44456263200571505,0.43420781896889593,False
26,2,D,318,-74.007756,40.746745,2025-06-12 06:48:42.169,2025-06-12 07:08:42.169,0.43420781896889593,0.40764242536761197,False
26,3,P,323,-73.98958593606949,40.73988840858996,2025-06-12 12:00:06.008,2025-06-12 12:20:06.008,0.40764242536761197,0.3905347463343044,False
26,4,D,323,-73.98286700248718,40.73139303364151,2025-06-12 12:00:06.008,2025-06-12 12:20:06.008,0.3905347463343044,0.3614996148723605,False
26,5,P,314,-74.0026376103,40.7390169121,2025-06-12 12:15:57.007,2025-06-12 12:35:57.007,0.3614996148723605,0.3346005601877326,False
26,6,D,314,-73.99949601,40.72362738,2025-06-12 12:15:57.007,2025-06-12 12:35:57.007,0.3346005601877326,0.2787163626338245,False
26,7,P,312,-73.988154,40.754818,2025-06-12 16:09:46.161,2025-06-12 16:29:46.161,0.2787163626338245,0.2561435281987086,False
26,8,D,312,-73.99915362,40.74475148,2025-06-12 16:09:46.161,2025-06-12 16:29:46.161,0.2561435281987086,0.2455689336229666,False
26,9,P,313,-73.99456405,40.73971301,2025-06-12 16:46:26.576,2025-06-12 17:06:26.576,0.2455689336229666,0.22880283674914753,False
26,10,D,313,-73.9916,40.749156,2025-06-12 16:46:26.576,2025-06-12 17:06:26.576,0.22880283674914753,0.1685103780647371,False
26,11,P,320,-73.98990025,40.71427487,2025-06-12 17:16:56.930,2025-06-12 17:36:56.930,0.1685103780647371,0.16065845550022356,False
26,12,D,320,-73.99161100387573,40.70991806921533,2025-06-12 17:16:56.930,2025-06-12 17:36:56.930,0.16065845550022356,0.10365311978468562,False
26,13,P,316,-73.98918628692627,40.74286877312112,2025-06-12 17:41:14.749,2025-06-12 18:01:14.749,0.10365311978468562,0.08204541928543349,False
26,14,D,316,-74.0052741765976,40.74005708567285,2025-06-12 17:41:14.749,2025-06-12 18:01:14.749,0.6,0.5553860200925719,True
26,15,P,322,-73.98788205,40.76227205,2025-06-12 18:13:12.772,2025-06-12 18:33:12.772,0.5553860200925719,0.48348356497410305,False
26,16,D,322,-74.00965965,40.72405549,2025-06-12 18:13:12.772,2025-06-12 18:33:12.772,0.48348356497410305,0.4132319968728466,False
26,17,P,319,-73.97498696,40.75510267,2025-06-12 20:13:22.827,2025-06-12 20:33:22.827,0.4132319968728466,0.4132319968728466,False
26,18,D,319,-73.97498696,40.75510267,2025-06-12 20:13:22.827,2025-06-12 20:33:22.827,0.4132319968728466,0.3861372573131356,False
26,19,P,315,-73.99461843,40.76009437,2025-06-12 21:18:57.560,2025-06-12 21:38:57.560,0.3861372573131356,0.3861372573131356,False
26,20,D,315,-73.99461843,40.76009437,2025-06-12 21:18:57.560,2025-06-12 21:38:57.560,0.3861372573131356,0.34846086092631245,False
26,21,P,317,-73.96784384,40.75206862,2025-06-12 23:01:43.667,2025-06-12 23:21:43.667,0.34846086092631245,0.33088024249186987,False
26,22,D,317,-73.97449783980846,40.74322681432173,2025-06-12 23:01:43.667,2025-06-12 23:21:43.667,0.33088024249186987,0.30489332584279527,False
26,23,DEPOT,-1,-73.9915,40.751,,,0.30489332584279527,0.30489332584279527,False
27,0,DEPOT,-1,-73.9915,40.751,,,0.36919879081531803,0.28417645719878093,False
27,1,P,326,-74.007867872715,40.70336686695866,2025-06-12 10:29:26.858,2025-06-12 10:49:26.858,0.28417645719878093,0.24433976045492856,False
27,2,D,326,-73.98261206,40.71622644,2025-06-12 10:29:26.858,2025-06-12 10:49:26.858,0.24433976045492856,0.12646647801106564,False
27,3,P,332,-73.95595908164978,40.781410700190015,2025-06-12 11:51:00.096,2025-06-12 12:11:00.096,0.12646647801106564,0.11865425710057162,False
27,4,D,332,-73.95482444378061,40.78585105291389,2025-06-12 11:51:00.096,2025-06-12 12:11:00.096,0.11865425710057162,0.11051651454164832,False
27,5,P,329,-73.94860294,40.7859201,2025-06-12 15:02:15.910,2025-06-12 15:22:15.910,0.11051651454164832,0.06043450038242934,False
27,6,D,329,-73.97209525108337,40.76302594280519,2025-06-12 15:02:15.910,2025-06-12 15:22:15.910,0.6,0.5647746430802565,True
27,7,P,328,-73.97711,40.74299,2025-06-12 16:06:50.798,2025-06-12 16:26:50.798,0.5647746430802565,0.5339029471900345,False
27,8,D,328,-73.96759673,40.75934501,2025-06-12 16:06:50.798,2025-06-12 16:26:50.798,0.5339029471900345,0.46289804335551044,False
27,9,P,334,-73.9523,40.7987859,2025-06-12 17:18:40.214,2025-06-12 17:38:40.214,0.46289804335551044,0.45161449859583885,False
27,10,D,334,-73.95249933,40.7922553,2025-06-12 17:18:40.214,2025-06-12 17:38:40.214,0.45161449859583885,0.4121824236498586,False
27,11,P,330,-73.96409422159195,40.77118287540658,2025-06-12 17:30:10.836,2025-06-12 17:50:10.836,0.4121824236498586,0.3593433335868282,False
27,12,D,330,-73.99971440439913,40.75676475086503,2025-06-12 17:30:10.836,2025-06-12 17:50:10.836,0.3593433335868282,0.25569285562919075,False
27,13,P,335,-73.951475,40.804372,2025-06-12 18:48:37.284,2025-06-12 19:08:37.284,0.25569285562919075,0.20949525228033758,False
27,14,D,335,-73.946041,40.7779453,2025-06-12 18:48:37.284,2025-06-12 19:08:37.284,0.20949525228033758,0.19653716184442202,False
27,15,P,333,-73.9543953537941,40.77391390238118,2025-06-12 19:24:19.046,2025-06-12 19:44:19.046,0.19653716184442202,0.17677039337776618,False
27,16,D,333,-73.9471673,40.7839636,2025-06-12 19:24:19.046,2025-06-12 19:44:19.046,0.17677039337776618,0.0659747387128587,False
27,17,P,331,-74.00558933615685,40.73752993301071,2025-06-12 20:08:09.892,2025-06-12 20:28:09.892,0.6,0.5858995270528927,True
27,18,D,331,-74.005141,40.745686,2025-06-12 20:08:09.892,2025-06-12 20:28:09.892,0.5858995270528927,0.5480711914839307,False
27,19,P,325,-74.00965965,40.72405549,2025-06-12 20:21:24.524,2025-06-12 20:41:24.524,0.5480711914839307,0.5440215835284836,False
27,20,D,325,-74.0076532959938,40.72583996792375,2025-06-12 20:21:24.524,2025-06-12 20:41:24.524,0.5440215835284836,0.5184177308035146,False
27,21,P,327,-73.992085,40.734814,2025-06-12 20:37:10.181,2025-06-12 20:57:10.181,0.5184177308035146,0.4937239724983319,False
27,22,D,327,-74.00314,40.72323,2025-06-12 20:37:10.181,2025-06-12 20:57:10.181,0.4937239724983319,0.44339472124872,False
27,23,DEPOT,-1,-73.9915,40.751,,,0.44339472124872,0.44339472124872,False
28,0,DEPOT,-1,-73.9915,40.751,,,0.39240079333418504,0.370571441786419,False
28,1,P,345,-73.98256,40.76167,2025-06-12 09:06:58.546,2025-06-12 09:26:58.546,0.370571441786419,0.36750894305741166,False
28,2,D,345,-73.98268129,40.76344058,2025-06-12 09:06:58.546,2025-06-12 09:26:58.546,0.36750894305741166,0.25823109364781693,False
28,3,P,341,-74.01677685,40.70569254,2025-06-12 10:33:08.976,2025-06-12 10:53:08.976,0.25823109364781693,0.18928231149487182,False
28,4,D,341,-73.99415556,40.74173969,2025-06-12 10:33:08.976,2025-06-12 10:53:08.976,0.18928231149487182,0.12206137631434145,False
28,5,P,342,-73.97754961,40.7785669,2025-06-12 11:25:07.147,2025-06-12 11:45:07.147,0.12206137631434145,0.07192686741663849,False
28,6,D,342,-73.964928,40.805973,2025-06-12 11:25:07.147,2025-06-12 11:45:07.147,0.6,0.47877011277978454,True
28,7,P,338,-73.99852573871613,40.74056423633952,2025-06-12 13:22:04.100,2025-06-12 13:42:04.100,0.47877011277978454,0.457944462657268,False
28,8,D,338,-73.98805,40.74964,2025-06-12 13:22:04.100,2025-06-12 13:42:04.100,0.457944462657268,0.433719788817295,False
28,9,P,347,-73.97738662,40.7381765,2025-06-12 14:58:35.683,2025-06-12 15:18:35.683,0.433719788817295,0.38599845476979916,False
28,10,D,347,-73.98672603070736,40.711471394469264,2025-06-12 14:58:35.683,2025-06-12 15:18:35.683,0.38599845476979916,0.32059262527246607,False
28,11,P,344,-73.9916,40.749156,2025-06-12 15:34:30.624,2025-06-12 15:54:30.624,0.32059262527246607,0.30790214149437106,False
28,12,D,344,-73.9900262,40.75640548,2025-06-12 15:34:30.624,2025-06-12 15:54:30.624,0.30790214149437106,0.2819033313077457,False
28,13,P,339,-73.99726235,40.74238787,2025-06-12 16:32:35.841,2025-06-12 16:52:35.841,0.2819033313077457,0.24792876534523706,False
28,14,D,339,-74.00314,40.72323,2025-06-12 16:32:35.841,2025-06-12 16:52:35.841,0.24792876534523706,0.24028710171859907,False
28,15,P,343,-73.99879,40.72028,2025-06-12 17:59:16.756,2025-06-12 18:19:16.756,0.24028710171859907,0.22523454937675244,False
28,16,D,343,-73.98802084,40.7172274,2025-06-12 17:59:16.756,2025-06-12 18:19:16.756,0.22523454937675244,0.12814672732711263,False
28,17,P,337,-73.95840793848038,40.7687620293096,2025-06-12 18:58:31.243,2025-06-12 19:18:31.243,0.12814672732711263,0.09752456240306252,False
28,18,D,337,-73.98169333,40.76695317,2025-06-12 18:58:31.243,2025-06-12 19:18:31.243,0.6,0.5241447765929019,True
28,19,P,336,-73.98864984512329,40.72335597960796,2025-06-12 20:44:32.356,2025-06-12 21:04:32.356,0.5241447765929019,0.4743959729910729,False
28,20,D,336,-73.989539,40.752149,2025-06-12 20:44:32.356,2025-06-12 21:04:32.356,0.4743959729910729,0.3846767173121848,False
28,21,P,340,-73.9621128676,40.7997568,2025-06-12 21:56:04.731,2025-06-12 22:16:04.731,0.3846767173121848,0.3329522193470253,False
28,22,D,340,-73.945909,40.827075,2025-06-12 21:56:04.731,2025-06-12 22:16:04.731,0.3329522193470253,0.18865111062437012,False
28,23,DEPOT,-1,-73.9915,40.751,,,0.18865111062437012,0.18865111062437012,False
29,0,DEPOT,-1,-73.9915,40.751,,,0.5034402801809155,0.45744876782132216,False
29,1,P,354,-73.99565293,40.72456089,2025-06-12 13:55:09.692,2025-06-12 14:15:09.692,0.45744876782132216,0.43973947972594823,False
29,2,D,354,-74.005549,40.717571,2025-06-12 13:55:09.692,2025-06-12 14:15:09.692,0.43973947972594823,0.40848506511394955,False
29,3,P,358,-73.98178024,40.71926081,2025-06-12 14:59:37.203,2025-06-12 15:19:37.203,0.40848506511394955,0.39118048282801654,False
29,4,D,358,-73.98713956,40.7284186,2025-06-12 14:59:37.203,2025-06-12 15:19:37.203,0.39118048282801654,0.368775395445655,False
29,5,P,356,-73.98160636425018,40.74069317733043,2025-06-12 16:48:56.522,2025-06-12 17:08:56.522,0.368775395445655,0.34605688681718644,False
29,6,D,356,-73.99075269699097,40.72951496224949,2025-06-12 16:48:56.522,2025-06-12 17:08:56.522,0.34605688681718644,0.319085910449624,False
29,7,P,355,-74.00004031,40.74345335,2025-06-12 17:01:59.387,2025-06-12 17:21:59.387,0.319085910449624,0.31137679586777117,False
29,8,D,355,-74.005141,40.745686,2025-06-12 17:01:59.387,2025-06-12 17:21:59.387,0.31137679586777117,0.2765249031343655,False
29,9,P,349,-73.99379025,40.72743423,2025-06-12 17:46:39.531,2025-06-12 18:06:39.531,0.2765249031343655,0.253133841833438,False
29,10,D,349,-74.0086269379,40.719887998,2025-06-12 17:46:39.531,2025-06-12 18:06:39.531,0.253133841833438,0.22639231738559312,False
29,11,P,359,-74.01677685,40.70569254,2025-06-12 18:38:04.835,2025-06-12 18:58:04.835,0.22639231738559312,0.1933329350032869,False
29,12,D,359,-74.00965965,40.72405549,2025-06-12 18:38:04.835,2025-06-12 18:58:04.835,0.1933329350032869,0.17432985209761698,False
29,13,P,350,-73.99974372,40.71602118,2025-06-12 18:48:57.640,2025-06-12 19:08:57.640,0.17432985209761698,0.152727725455308,False
29,14,D,350,-73.98783413,40.72467721,2025-06-12 18:48:57.640,2025-06-12 19:08:57.640,0.152727725455308,0.1423025506358964,False
29,15,P,352,-73.99102628231049,40.73020660529954,2025-06-12 20:05:16.556,2025-06-12 20:25:16.556,0.1423025506358964,0.13142764709480975,False
29,16,D,352,-73.98286700248718,40.73139303364151,2025-06-12 20:05:16.556,2025-06-12 20:25:16.556,0.13142764709480975,0.08848634527940993,False
29,17,P,353,-73.9960889518261,40.75414519263519,2025-06-12 21:21:42.765,2025-06-12 21:41:42.765,0.6,0.5540439760379805,True
29,18,D,353,-73.98713956,40.7284186,2025-06-12 21:21:42.765,2025-06-12 21:41:42.765,0.5540439760379805,0.5146230699712038,False
29,19,DEPOT,-1,-73.9915,40.751,,,0.5146230699712038,0.5146230699712038,False
30,0,DEPOT,-1,-73.9915,40.751,,,0.5164000527406416,0.5020320519670316,False
30,1,P,363,-73.98918628692627,40.74286877312112,2025-06-12 06:37:02.617,2025-06-12 06:57:02.617,0.5020320519670316,0.48478386594882855,False
30,2,D,363,-73.976806,40.739445,2025-06-12 06:37:02.617,2025-06-12 06:57:02.617,0.48478386594882855,0.37030604511748766,False
30,3,P,361,-73.934499,40.797459,2025-06-12 07:18:24.068,2025-06-12 07:38:24.068,0.37030604511748766,0.36068729286075824,False
30,4,D,361,-73.9398167,40.8013066,2025-06-12 07:18:24.068,2025-06-12 07:38:24.068,0.36068729286075824,0.2482753643365277,False
30,5,P,371,-73.996765,40.752568,2025-06-12 11:10:39.851,2025-06-12 11:30:39.851,0.2482753643365277,0.22122361391680895,False
30,6,D,371,-73.99238967,40.73726186,2025-06-12 11:10:39.851,2025-06-12 11:30:39.851,0.22122361391680895,0.1383472015149111,False
30,7,P,367,-73.94989233,40.7728384,2025-06-12 11:41:28.963,2025-06-12 12:01:28.963,0.1383472015149111,0.09552181661842184,False
30,8,D,367,-73.98169333,40.76695317,2025-06-12 11:41:28.963,2025-06-12 12:01:28.963,0.09552181661842184,0.08829189716411733,False
30,9,P,364,-73.97634151,40.76590936,2025-06-12 12:41:06.771,2025-06-12 13:01:06.771,0.6,0.5643946140642657,True
30,10,D,364,-73.95987510681152,40.78232260730881,2025-06-12 12:41:06.771,2025-06-12 13:01:06.771,0.5643946140642657,0.5246108905429028,False
30,11,P,362,-73.97722479,40.76340613,2025-06-12 13:59:54.068,2025-06-12 14:19:54.068,0.5246108905429028,0.5048506974293067,False
30,12,D,362,-73.96222069859505,40.76471851944339,2025-06-12 13:59:54.068,2025-06-12 14:19:54.068,0.5048506974293067,0.4285078666439914,False
30,13,P,360,-73.949373,40.8078316,2025-06-12 14:18:29.548,2025-06-12 14:38:29.548,0.4285078666439914,0.4285078666439914,False
30,14,D,360,-73.949373,40.8078316,2025-06-12 14:18:29.548,2025-06-12 14:38:29.548,0.4285078666439914,0.39045243026648296,False
30,15,P,366,-73.944279,40.829523,2025-06-12 16:17:50.351,2025-06-12 16:37:50.351,0.39045243026648296,0.3751375427095083,False
30,16,D,366,-73.945144,40.820681,2025-06-12 16:17:50.351,2025-06-12 16:37:50.351,0.3751375427095083,0.18784213700330363,False
30,17,P,365,-73.98802084,40.7172274,2025-06-12 17:09:03.156,2025-06-12 17:29:03.156,0.18784213700330363,0.17738417062722608,False
30,18,D,365,-73.981095,40.714211,2025-06-12 17:09:03.156,2025-06-12 17:29:03.156,0.17738417062722608,0.11889046534218815,False
30,19,P,369,-73.99392,40.74665,2025-06-12 18:29:27.202,2025-06-12 18:49:27.202,0.11889046534218815,0.10016918473648569,False
30,20,D,369,-74.0052741765976,40.74005708567285,2025-06-12 18:29:27.202,2025-06-12 18:49:27.202,0.6,0.4983183774236012,True
30,21,P,370,-73.94963040947914,40.78115276427915,2025-06-12 19:12:02.165,2025-06-12 19:32:02.165,0.4983183774236012,0.4641343694850839,False
30,22,D,370,-73.97289,40.79018,2025-06-12 19:12:02.165,2025-06-12 19:32:02.165,0.4641343694850839,0.38641467873757773,False
30,23,P,368,-73.98194829,40.7457121,2025-06-12 21:17:35.037,2025-06-12 21:37:35.037,0.38641467873757773,0.34855644408881953,False
30,24,D,368,-73.99968780577183,40.72840059450829,2025-06-12 21:17:35.037,2025-06-12 21:37:35.037,0.34855644408881953,0.30807559444534727,False
30,25,DEPOT,-1,-73.9915,40.751,,,0.30807559444534727,0.30807559444534727,False
31,0,DEPOT,-1,-73.9915,40.751,,,0.563177043811184,0.5261227981157629,False
31,1,P,375,-73.9756813647,40.733208626522426,2025-06-12 06:31:10.410,2025-06-12 06:51:10.410,0.5261227981157629,0.4979336989218032,False
31,2,D,375,-73.99510189890862,40.72615604980408,2025-06-12 06:31:10.410,2025-06-12 06:51:10.410,0.4979336989218032,0.3896160233996628,False
31,3,P,374,-73.95595908164978,40.781410700190015,2025-06-12 08:38:43.010,2025-06-12 08:58:43.010,0.3896160233996628,0.3378021255372523,False
31,4,D,374,-73.97498696,40.75510267,2025-06-12 08:38:43.010,2025-06-12 08:58:43.010,0.3378021255372523,0.305323612775909,False
31,5,P,380,-73.99884222,40.76030096,2025-06-12 16:06:58.721,2025-06-12 16:26:58.721,0.305323612775909,0.296162778971075,False
31,6,P,373,-74.00059908628464,40.75516719072139,2025-06-12 16:13:00.270,2025-06-12 16:33:00.270,0.296162778971075,0.29317030327552834,False
31,7,D,373,-73.99971440439913,40.75676475086503,2025-06-12 16:13:00.270,2025-06-12 16:33:00.270,0.29317030327552834,0.2849578461743354,False
31,8,D,380,-73.996765,40.752568,2025-06-12 16:06:58.721,2025-06-12 16:26:58.721,0.2849578461743354,0.21331606907528433,False
31,9,P,379,-74.01113051087516,40.71254669463547,2025-06-12 16:22:09.521,2025-06-12 16:42:09.521,0.21331606907528433,0.2002184096250055,False
31,10,D,379,-74.0086269379,40.719887998,2025-06-12 16:22:09.521,2025-06-12 16:42:09.521,0.2002184096250055,0.11931330680606704,False
31,11,P,382,-73.97982001304626,40.76132983124814,2025-06-12 17:49:45.663,2025-06-12 18:09:45.663,0.11931330680606704,0.11581600480007988,False
31,12,D,382,-73.977242,40.761865,2025-06-12 17:49:45.663,2025-06-12 18:09:45.663,0.6,0.5312058977356907,True
31,13,P,383,-73.99565293,40.72456089,2025-06-12 18:20:11.727,2025-06-12 18:40:11.727,0.5312058977356907,0.4926604547339656,False
31,14,D,383,-74.005141,40.745686,2025-06-12 18:20:11.727,2025-06-12 18:40:11.727,0.4926604547339656,0.4388072028520141,False
31,15,P,372,-74.01122331619263,40.71485150526251,2025-06-12 19:10:10.585,2025-06-12 19:30:10.585,0.4388072028520141,0.4099339925898475,False
31,16,D,372,-73.99147535,40.72229346,2025-06-12 19:10:10.585,2025-06-12 19:30:10.585,0.4099339925898475,0.25401085943763557,False
31,17,P,378,-73.9379,40.8029263,2025-06-12 20:45:33.687,2025-06-12 21:05:33.687,0.25401085943763557,0.23171910112549837,False
31,18,D,378,-73.954692,40.805159,2025-06-12 20:45:33.687,2025-06-12 21:05:33.687,0.23171910112549837,0.1265063503722416,False
31,19,DEPOT,-1,-73.9915,40.751,,,0.1265063503722416,0.1265063503722416,False
32,0,DEPOT,-1,-73.9915,40.751,,,0.4284233252090119,0.40128526202887976,False
32,1,P,391,-73.99061728,40.76669671,2025-06-12 08:42:55.189,2025-06-12 09:02:55.189,0.40128526202887976,0.3289942035373613,False
32,2,D,391,-73.99213135242462,40.72486122254819,2025-06-12 08:42:55.189,2025-06-12 09:02:55.189,0.3289942035373613,0.24311605087895166,False
32,3,P,392,-73.9614,40.76879,2025-06-12 10:12:40.139,2025-06-12 10:32:40.139,0.24311605087895166,0.18940062636784175,False
32,4,D,392,-73.9946848154068,40.7505853470215,2025-06-12 10:12:40.139,2025-06-12 10:32:40.139,0.18940062636784175,0.15389733708617437,False
32,5,P,388,-73.988038,40.770513,2025-06-12 11:30:27.277,2025-06-12 11:50:27.277,0.15389733708617437,0.1366529292689537,False
32,6,D,388,-73.97634151,40.76590936,2025-06-12 11:30:27.277,2025-06-12 11:50:27.277,0.1366529292689537,0.0674014290535838,False
32,7,P,387,-73.98379855,40.72621788,2025-06-12 13:01:45.155,2025-06-12 13:21:45.155,0.6,0.5892622336922332,True
32,8,D,387,-73.99075269699097,40.72951496224949,2025-06-12 13:01:45.155,2025-06-12 13:21:45.155,0.5892622336922332,0.5717976260481781,False
32,9,P,386,-74.00363802909851,40.73213896287381,2025-06-12 14:16:40.624,2025-06-12 14:36:40.624,0.5717976260481781,0.562597088379072,False
32,10,D,386,-73.99800419,40.73532427,2025-06-12 14:16:40.624,2025-06-12 14:36:40.624,0.562597088379072,0.5136637059535624,False
32,11,P,393,-73.96784384,40.75206862,2025-06-12 14:55:18.976,2025-06-12 15:15:18.976,0.5136637059535624,0.4665622166217824,False
32,12,D,393,-73.97374737,40.77896784,2025-06-12 14:55:18.976,2025-06-12 15:15:18.976,0.4665622166217824,0.39272815137783423,False
32,13,P,394,-73.99852573871613,40.74056423633952,2025-06-12 15:54:26.916,2025-06-12 16:14:26.916,0.39272815137783423,0.35745784321593627,False
32,14,D,394,-74.0106,40.72231,2025-06-12 15:54:26.916,2025-06-12 16:14:26.916,0.35745784321593627,0.31794915222744224,False
32,15,P,389,-73.99103969335556,40.73972989238724,2025-06-12 17:12:03.090,2025-06-12 17:32:03.090,0.31794915222744224,0.2768348643354361,False
32,16,D,389,-73.98016555,40.71739973,2025-06-12 17:12:03.090,2025-06-12 17:32:03.090,0.2768348643354361,0.2524064124250129,False
32,17,P,384,-73.98286700248718,40.73139303364151,2025-06-12 18:49:47.992,2025-06-12 19:09:47.992,0.2524064124250129,0.23362883394609538,False
32,18,D,384,-73.98517977,40.72066442,2025-06-12 18:49:47.992,2025-06-12 19:09:47.992,0.23362883394609538,0.17156706099898075,False
32,19,P,395,-73.9900262,40.75640548,2025-06-12 19:59:37.783,2025-06-12 20:19:37.783,0.17156706099898075,0.11992968890375608,False
32,20,D,395,-73.97137,40.78275,2025-06-12 19:59:37.783,2025-06-12 20:19:37.783,0.6,0.5261296029215318,True
32,21,P,385,-73.98160636425018,40.74069317733043,2025-06-12 21:33:04.689,2025-06-12 21:53:04.689,0.5261296029215318,0.5126214736504248,False
32,22,D,385,-73.98255586624146,40.74848023448579,2025-06-12 21:33:04.689,2025-06-12 21:53:04.689,0.5126214736504248,0.5001343190637425,False
32,23,DEPOT,-1,-73.9915,40.751,,,0.5001343190637425,0.5001343190637425,False
33,0,DEPOT,-1,-73.9915,40.751,,,0.4377965382673224,0.323118480151404,False
33,1,P,396,-73.9396861,40.8045555,2025-06-12 09:00:41.852,2025-06-12 09:20:41.852,0.323118480151404,0.29245761437106443,False
33,2,D,396,-73.951819,40.819746,2025-06-12 09:00:41.852,2025-06-12 09:20:41.852,0.29245761437106443,0.12350830780716124,False
33,3,P,401,-73.97901266813278,40.72412944090093,2025-06-12 10:08:36.942,2025-06-12 10:28:36.942,0.6,0.5316938986268479,True
33,4,D,401,-73.96094022,40.7612274,2025-06-12 10:08:36.942,2025-06-12 10:28:36.942,0.5316938986268479,0.4352342075131796,False
33,5,P,405,-73.948222,40.816234,2025-06-12 14:42:25.373,2025-06-12 15:02:25.373,0.4352342075131796,0.4352342075131796,False
33,6,D,405,-73.948222,40.816234,2025-06-12 14:42:25.373,2025-06-12 15:02:25.373,0.4352342075131796,0.29166962066659397,False
33,7,P,402,-73.98509,40.73795,2025-06-12 15:42:04.779,2025-06-12 16:02:04.779,0.29166962066659397,0.2654799522389298,False
33,8,D,402,-73.993934,40.751551,2025-06-12 15:42:04.779,2025-06-12 16:02:04.779,0.2654799522389298,0.2277535847330213,False
33,9,P,400,-73.98261428,40.77163851,2025-06-12 16:39:12.404,2025-06-12 16:59:12.404,0.2277535847330213,0.2277535847330213,False
33,10,D,400,-73.98261428,40.77163851,2025-06-12 16:39:12.404,2025-06-12 16:59:12.404,0.2277535847330213,0.20072222004134915,False
33,11,P,406,-73.974235,40.757334,2025-06-12 17:02:26.647,2025-06-12 17:22:26.647,0.20072222004134915,0.15771669982503828,False
33,12,D,406,-73.99852573871613,40.74056423633952,2025-06-12 17:02:26.647,2025-06-12 17:22:26.647,0.15771669982503828,0.10995973427388032,False
33,13,P,398,-73.967641,40.755293,2025-06-12 17:56:26.692,2025-06-12 18:16:26.692,0.10995973427388032,0.08256629053779986,False
33,14,D,398,-73.98313522338867,40.765959181657976,2025-06-12 17:56:26.692,2025-06-12 18:16:26.692,0.6,0.5522612160866474,True
33,15,P,403,-73.99456405,40.73971301,2025-06-12 18:35:06.055,2025-06-12 18:55:06.055,0.5522612160866474,0.5250226245678232,False
33,16,D,403,-73.98379855,40.72621788,2025-06-12 18:35:06.055,2025-06-12 18:55:06.055,0.5250226245678232,0.4952552602848723,False
33,17,P,399,-73.99851193,40.71307916,2025-06-12 19:04:51.264,2025-06-12 19:24:51.264,0.4952552602848723,0.4525600657911069,False
33,18,D,399,-73.97455215454102,40.72984830346529,2025-06-12 19:04:51.264,2025-06-12 19:24:51.264,0.4525600657911069,0.40981824248118615,False
33,19,DEPOT,-1,-73.9915,40.751,,,0.40981824248118615,0.40981824248118615,False
34,0,DEPOT,-1,-73.9915,40.751,,,0.4586067203679196,0.3981755773392973,False
34,1,P,419,-73.95356208096926,40.77095553869235,2025-06-12 08:26:33.551,2025-06-12 08:46:33.551,0.3981755773392973,0.3906230698870296,False
34,2,D,419,-73.95856158,40.77314236,2025-06-12 08:26:33.551,2025-06-12 08:46:33.551,0.3906230698870296,0.32073168067501695,False
34,3,P,410,-73.99807110428809,40.74591072834279,2025-06-12 12:22:17.725,2025-06-12 12:42:17.725,0.32073168067501695,0.31152102525761816,False
34,4,D,410,-73.9946848154068,40.7505853470215,2025-06-12 12:22:17.725,2025-06-12 12:42:17.725,0.31152102525761816,0.2884126895252836,False
34,5,P,417,-73.99994661,40.73781509,2025-06-12 12:45:43.319,2025-06-12 13:05:43.319,0.2884126895252836,0.27638635746400236,False
34,6,D,417,-73.99915362,40.74475148,2025-06-12 12:45:43.319,2025-06-12 13:05:43.319,0.27638635746400236,0.13629144027546775,False
34,7,P,414,-73.956156,40.8190344,2025-06-12 15:37:49.539,2025-06-12 15:57:49.539,0.13629144027546775,0.13210826793931735,False
34,8,D,414,-73.959089,40.820003,2025-06-12 15:37:49.539,2025-06-12 15:57:49.539,0.6,0.4644671081695893,True
34,9,P,415,-73.99062,40.74526,2025-06-12 17:13:51.407,2025-06-12 17:33:51.407,0.4644671081695893,0.4346708088098595,False
34,10,D,415,-74.00214988,40.73038599,2025-06-12 17:13:51.407,2025-06-12 17:33:51.407,0.4346708088098595,0.3683770815495898,False
34,11,P,412,-73.98313522338867,40.765959181657976,2025-06-12 18:06:09.660,2025-06-12 18:26:09.660,0.3683770815495898,0.35854333622770274,False
34,12,D,412,-73.98261428,40.77163851,2025-06-12 18:06:09.660,2025-06-12 18:26:09.660,0.35854333622770274,0.2608139954313542,False
34,13,P,408,-74.0090009,40.71870987,2025-06-12 20:44:38.633,2025-06-12 21:04:38.633,0.2608139954313542,0.22525944686365135,False
34,14,D,408,-73.992085,40.734814,2025-06-12 20:44:38.633,2025-06-12 21:04:38.633,0.22525944686365135,0.07919352458225012,False
34,15,P,409,-73.9430681,40.8107922,2025-06-12 22:09:33.998,2025-06-12 22:29:33.998,0.07919352458225012,0.06672116243212667,False
34,16,D,409,-73.938787,40.817245,2025-06-12 22:09:33.998,2025-06-12 22:29:33.998,0.6,0.5771689734438282,True
34,17,P,416,-73.953149,40.809725,2025-06-12 23:01:26.208,2025-06-12 23:21:26.208,0.5771689734438282,0.5636912982709749,False
34,18,D,416,-73.9490782,40.8025566,2025-06-12 23:01:26.208,2025-06-12 23:21:26.208,0.5636912982709749,0.4587629150597724,False
34,19,DEPOT,-1,-73.9915,40.751,,,0.4587629150597724,0.4587629150597724,False
35,0,DEPOT,-1,-73.9915,40.751,,,0.39978898540769997,0.36921257359721416,False
35,1,P,430,-73.97809472,40.736502,2025-06-12 05:41:42.503,2025-06-12 06:01:42.503,0.36921257359721416,0.35667893900713626,False
35,2,D,430,-73.97449783980846,40.74322681432173,2025-06-12 05:41:42.503,2025-06-12 06:01:42.503,0.35667893900713626,0.3410524542791618,False
35,3,P,424,-73.98490707,40.74765947,2025-06-12 08:57:58.721,2025-06-12 09:17:58.721,0.3410524542791618,0.322342433257902,False
35,4,D,424,-73.97138714790344,40.75118387463277,2025-06-12 08:57:58.721,2025-06-12 09:17:58.721,0.322342433257902,0.2837890032245665,False
35,5,P,420,-73.97772429,40.72938685,2025-06-12 09:00:28.838,2025-06-12 09:20:28.838,0.2837890032245665,0.27621782302496767,False
35,6,D,420,-73.98286700248718,40.73139303364151,2025-06-12 09:00:28.838,2025-06-12 09:20:28.838,0.27621782302496767,0.24230199277318237,False
35,7,P,422,-74.008769094944,40.73191132323174,2025-06-12 12:47:22.207,2025-06-12 13:07:22.207,0.24230199277318237,0.20832750693552538,False
35,8,D,422,-74.005226,40.751396,2025-06-12 12:47:22.207,2025-06-12 13:07:22.207,0.20832750693552538,0.16795083182060444,False
35,9,P,429,-73.99968780577183,40.72840059450829,2025-06-12 13:16:32.661,2025-06-12 13:36:32.661,0.16795083182060444,0.129766331841562,False
35,10,D,429,-74.00731853,40.70706456,2025-06-12 13:16:32.661,2025-06-12 13:36:32.661,0.6,0.4538627593832151,True
35,11,P,427,-73.9521667,40.7806284,2025-06-12 15:59:36.891,2025-06-12 16:19:36.891,0.4538627593832151,0.4446065372989016,False
35,12,D,427,-73.946041,40.7779453,2025-06-12 15:59:36.891,2025-06-12 16:19:36.891,0.4446065372989016,0.37775433441306294,False
35,13,P,431,-73.99301222,40.76269882,2025-06-12 16:32:28.668,2025-06-12 16:52:28.668,0.37775433441306294,0.34661628624331897,False
35,14,P,426,-74.00451887,40.74691959,2025-06-12 16:35:40.740,2025-06-12 16:55:40.740,0.34661628624331897,0.3285368444871059,False
35,15,D,431,-74.00618026,40.73652889,2025-06-12 16:32:28.668,2025-06-12 16:52:28.668,0.3285368444871059,0.30516139347274424,False
35,16,D,426,-73.996637,40.747968,2025-06-12 16:35:40.740,2025-06-12 16:55:40.740,0.30516139347274424,0.2686595690867084,False
35,17,P,423,-74.00536268949507,40.72789701409023,2025-06-12 19:14:10.485,2025-06-12 19:34:10.485,0.2686595690867084,0.23843329961570084,False
35,18,D,423,-73.99915362,40.74475148,2025-06-12 19:14:10.485,2025-06-12 19:34:10.485,0.23843329961570084,0.22484651175015224,False
35,19,P,425,-73.993934,40.751551,2025-06-12 19:35:24.805,2025-06-12 19:55:24.805,0.22484651175015224,0.2047057244270986,False
35,20,D,425,-73.98788205,40.76227205,2025-06-12 19:35:24.805,2025-06-12 19:55:24.805,0.2047057244270986,0.10856391493671129,False
35,21,P,421,-74.00108054280281,40.7075188830923,2025-06-12 21:31:13.850,2025-06-12 21:51:13.850,0.10856391493671129,0.10054896714087572,False
35,22,D,421,-74.00655090808868,40.70960089363537,2025-06-12 21:31:13.850,2025-06-12 21:51:13.850,0.6,0.5258257037271369,True
35,23,DEPOT,-1,-73.9915,40.751,,,0.5258257037271369,0.5258257037271369,False
36,0,DEPOT,-1,-73.9915,40.751,,,0.38728351612044903,0.2969857353364178,False
36,1,P,435,-73.9436,40.78864,2025-06-12 06:26:16.691,2025-06-12 06:46:16.691,0.2969857353364178,0.28534681363800257,False
36,2,D,435,-73.95242929458618,40.78948541553215,2025-06-12 06:26:16.691,2025-06-12 06:46:16.691,0.28534681363800257,0.15379043191556804,False
36,3,P,433,-74.0076532959938,40.72583996792375,2025-06-12 07:02:02.197,2025-06-12 07:22:02.197,0.15379043191556804,0.15379043191556804,False
36,4,D,433,-74.0076532959938,40.72583996792375,2025-06-12 07:02:02.197,2025-06-12 07:22:02.197,0.15379043191556804,0.082063075599018,False
36,5,P,442,-73.9851615,40.76370739,2025-06-12 08:54:53.668,2025-06-12 09:14:53.668,0.082063075599018,0.06633133100458874,False
36,6,D,442,-73.996975,40.762009,2025-06-12 08:54:53.668,2025-06-12 09:14:53.668,0.6,0.5278809106076268,True
36,7,P,438,-73.99879,40.72028,2025-06-12 09:14:28.920,2025-06-12 09:34:28.920,0.5278809106076268,0.5278809106076268,False
36,8,D,438,-73.99879,40.72028,2025-06-12 09:14:28.920,2025-06-12 09:34:28.920,0.5278809106076268,0.355375933737095,False
36,9,P,440,-73.9430681,40.8107922,2025-06-12 12:52:42.280,2025-06-12 13:12:42.280,0.355375933737095,0.3373303778493116,False
36,10,D,440,-73.954692,40.805159,2025-06-12 12:52:42.280,2025-06-12 13:12:42.280,0.3373303778493116,0.17872460846142427,False
36,11,P,432,-73.99596,40.718822,2025-06-12 14:32:31.604,2025-06-12 14:52:31.604,0.17872460846142427,0.16577941885398803,False
36,12,D,432,-74.00165855884552,40.72494672359416,2025-06-12 14:32:31.604,2025-06-12 14:52:31.604,0.16577941885398803,0.13653897185104255,False
36,13,P,436,-73.98047178983688,40.73031071000895,2025-06-12 16:38:13.939,2025-06-12 16:58:13.939,0.13653897185104255,0.12823571670341732,False
36,14,D,436,-73.98379855,40.72621788,2025-06-12 16:38:13.939,2025-06-12 16:58:13.939,0.12823571670341732,0.11122058251471609,False
36,15,P,437,-73.99074142,40.73454567,2025-06-12 18:46:23.505,2025-06-12 19:06:23.505,0.11122058251471609,0.07945815797408684,False
36,16,D,437,-74.0052238852195,40.7197920901383,2025-06-12 18:46:23.505,2025-06-12 19:06:23.505,0.6,0.5553948677851148,True
36,17,P,434,-74.00197139,40.7454973,2025-06-12 19:17:34.974,2025-06-12 19:37:34.974,0.5553948677851148,0.5514887908202972,False
36,18,D,434,-73.99915362,40.74475148,2025-06-12 19:17:34.974,2025-06-12 19:37:34.974,0.5514887908202972,0.5367644095401239,False
36,19,DEPOT,-1,-73.9915,40.751,,,0.5367644095401239,0.5367644095401239,False
37,0,DEPOT,-1,-73.9915,40.751,,,0.45989803450744604,0.43959361587296364,False
37,1,P,452,-73.99301222,40.76269882,2025-06-12 07:39:10.261,2025-06-12 07:59:10.261,0.43959361587296364,0.4230622163367768,False
37,2,D,452,-73.98169333,40.76695317,2025-06-12 07:39:10.261,2025-06-12 07:59:10.261,0.4230622163367768,0.3579650650009686,False
37,3,P,453,-73.97772429,40.72938685,2025-06-12 07:55:13.738,2025-06-12 08:15:13.738,0.3579650650009686,0.35086548541662416,False
37,4,D,453,-73.98165557,40.73221853,2025-06-12 07:55:13.738,2025-06-12 08:15:13.738,0.35086548541662416,0.31248582147839393,False
37,5,P,444,-74.00747358798981,40.74275382865903,2025-06-12 08:18:12.929,2025-06-12 08:38:12.929,0.31248582147839393,0.2805867679080288,False
37,6,P,449,-74.00277668,40.76087502,2025-06-12 08:26:44.051,2025-06-12 08:46:44.051,0.2805867679080288,0.26644453685396075,False
37,7,D,444,-74.002353,40.752694,2025-06-12 08:18:12.929,2025-06-12 08:38:12.929,0.26644453685396075,0.2612444780280814,False
37,8,D,449,-74.002950346,40.749717753,2025-06-12 08:26:44.051,2025-06-12 08:46:44.051,0.2612444780280814,0.19090199214988224,False
37,9,P,450,-73.97667321,40.78524672,2025-06-12 09:29:42.883,2025-06-12 09:49:42.883,0.19090199214988224,0.1565303888413852,False
37,10,D,450,-73.98313522338867,40.765959181657976,2025-06-12 09:29:42.883,2025-06-12 09:49:42.883,0.1565303888413852,0.10701795425646682,False
37,11,P,447,-74.001702,40.740983,2025-06-12 09:43:39.577,2025-06-12 10:03:39.577,0.10701795425646682,0.09184192419466045,False
37,12,D,447,-74.002950346,40.749717753,2025-06-12 09:43:39.577,2025-06-12 10:03:39.577,0.09184192419466045,0.0873377557033806,False
37,13,P,446,-74.0005722643582,40.74783260583772,2025-06-12 10:31:14.152,2025-06-12 10:51:14.152,0.0873377557033806,0.06616997346043708,False
37,14,D,446,-73.99238967,40.73726186,2025-06-12 10:31:14.152,2025-06-12 10:51:14.152,0.6,0.5552909130931022,True
37,15,P,445,-73.97982001304626,40.76132983124814,2025-06-12 13:39:13.147,2025-06-12 13:59:13.147,0.5552909130931022,0.5428495909857176,False
37,16,D,445,-73.97207836,40.75714758,2025-06-12 13:39:13.147,2025-06-12 13:59:13.147,0.5428495909857176,0.47704115054053137,False
37,17,P,451,-73.99930492043495,40.72511734422387,2025-06-12 17:14:16.571,2025-06-12 17:34:16.571,0.47704115054053137,0.47704115054053137,False
37,18,D,451,-73.99930492043495,40.72511734422387,2025-06-12 17:14:16.571,2025-06-12 17:34:16.571,0.47704115054053137,0.42924027260532427,False
37,19,P,455,-74.002353,40.752694,2025-06-12 17:51:55.397,2025-06-12 18:11:55.397,0.42924027260532427,0.41804826629772307,False
37,20,D,455,-73.993934,40.751551,2025-06-12 17:51:55.397,2025-06-12 18:11:55.397,0.41804826629772307,0.34921593153869435,False
37,21,P,448,-73.99193043,40.71173107,2025-06-12 18:38:18.371,2025-06-12 18:58:18.371,0.34921593153869435,0.3344916653806212,False
37,22,D,448,-74.00234482,40.71494807,2025-06-12 18:38:18.371,2025-06-12 18:58:18.371,0.3344916653806212,0.27062059201509814,False
37,23,DEPOT,-1,-73.9915,40.751,,,0.27062059201509814,0.27062059201509814,False
38,0,DEPOT,-1,-73.9915,40.751,,,0.4076509633006856,0.30903088549310676,False
38,1,P,461,-73.9441232,40.7954121,2025-06-11 23:54:56.750,2025-06-12 00:14:56.750,0.30903088549310676,0.2661784225290842,False
38,2,P,459,-73.95856158,40.77314236,2025-06-12 00:07:49.926,2025-06-12 00:27:49.926,0.2661784225290842,0.26127308616780226,False
38,3,D,461,-73.96222088,40.773763,2025-06-11 23:54:56.750,2025-06-12 00:14:56.750,0.26127308616780226,0.23861842027576666,False
38,4,D,459,-73.97898475,40.7770575,2025-06-12 00:07:49.926,2025-06-12 00:27:49.926,0.23861842027576666,0.18576563938993368,False
38,5,P,465,-73.9489397406578,40.79752078124755,2025-06-12 08:49:21.600,2025-06-12 09:09:21.600,0.18576563938993368,0.17283979848303113,False
38,6,D,465,-73.957145,40.801694,2025-06-12 08:49:21.600,2025-06-12 09:09:21.600,0.17283979848303113,0.07974991712379265,False
38,7,P,467,-73.99177,40.75461,2025-06-12 12:48:44.380,2025-06-12 13:08:44.380,0.07974991712379265,0.06370368940585816,False
38,8,D,467,-73.98255586624146,40.74848023448579,2025-06-12 12:48:44.380,2025-06-12 13:08:44.380,0.6,0.5468560145588175,True
38,9,P,464,-73.99879,40.72028,2025-06-12 12:53:12.185,2025-06-12 13:13:12.185,0.5468560145588175,0.5393943951660329,False
38,10,D,464,-73.99974372,40.71602118,2025-06-12 12:53:12.185,2025-06-12 13:13:12.185,0.5393943951660329,0.5141625478969345,False
38,11,P,466,-74.01129573583603,40.7277140777778,2025-06-12 13:26:00.279,2025-06-12 13:46:00.279,0.5141625478969345,0.47974828806748304,False
38,12,D,466,-74.00495,40.70838,2025-06-12 13:26:00.279,2025-06-12 13:46:00.279,0.47974828806748304,0.4347810550161711,False
38,13,P,463,-73.99510132,40.73331967,2025-06-12 15:03:12.357,2025-06-12 15:23:12.357,0.4347810550161711,0.4196621111921714,False
38,14,D,463,-73.99213135242462,40.72486122254819,2025-06-12 15:03:12.357,2025-06-12 15:23:12.357,0.4196621111921714,0.398200975437273,False
38,15,P,456,-74.00666661,40.71911552,2025-06-12 15:47:52.569,2025-06-12 16:07:52.569,0.398200975437273,0.38404626490405286,False
38,16,D,456,-73.99930492043495,40.72511734422387,2025-06-12 15:47:52.569,2025-06-12 16:07:52.569,0.38404626490405286,0.3321124874411959,False
38,17,P,460,-74.00059908628464,40.75516719072139,2025-06-12 17:05:50.691,2025-06-12 17:25:50.691,0.3321124874411959,0.31143719860757046,False
38,18,D,460,-73.98788205,40.76227205,2025-06-12 17:05:50.691,2025-06-12 17:25:50.691,0.31143719860757046,0.2913993854991134,False
38,19,DEPOT,-1,-73.9915,40.751,,,0.2913993854991134,0.2913993854991134,False
39,0,DEPOT,-1,-73.9915,40.751,,,0.5006609388833272,0.46849309722566235,False
39,1,P,479,-74.00483091,40.73535398,2025-06-12 00:26:14.722,2025-06-12 00:46:14.722,0.46849309722566235,0.45164908009269217,False
39,2,D,479,-74.0076532959938,40.72583996792375,2025-06-12 00:26:14.722,2025-06-12 00:46:14.722,0.45164908009269217,0.41312537623814066,False
39,3,P,470,-73.98602213,40.74096374,2025-06-12 07:03:02.789,2025-06-12 07:23:02.789,0.41312537623814066,0.3887528596278487,False
39,4,D,470,-73.97455215454102,40.72984830346529,2025-06-12 07:03:02.789,2025-06-12 07:23:02.789,0.3887528596278487,0.29627731813805025,False
39,5,P,469,-73.9521667,40.7806284,2025-06-12 08:02:10.245,2025-06-12 08:22:10.245,0.29627731813805025,0.25016397714465777,False
39,6,D,469,-73.977242,40.761865,2025-06-12 08:02:10.245,2025-06-12 08:22:10.245,0.25016397714465777,0.23561975980337405,False
39,7,P,475,-73.97896572947502,40.75354681867074,2025-06-12 12:10:44.289,2025-06-12 12:30:44.289,0.23561975980337405,0.21946513550352117,False
39,8,D,475,-73.972628,40.761573,2025-06-12 12:10:44.289,2025-06-12 12:30:44.289,0.21946513550352117,0.129108799769203,False
39,9,P,476,-73.99851193,40.71307916,2025-06-12 13:53:01.374,2025-06-12 14:13:01.374,0.129108799769203,0.1121868364959454,False
39,10,D,476,-74.01122331619263,40.71485150526251,2025-06-12 13:53:01.374,2025-06-12 14:13:01.374,0.6,0.5108371170545138,True
39,11,P,472,-73.97513,40.75863,2025-06-12 16:43:13.498,2025-06-12 17:03:13.498,0.5108371170545138,0.5108371170545138,False
39,12,D,472,-73.97513,40.75863,2025-06-12 16:43:13.498,2025-06-12 17:03:13.498,0.5108371170545138,0.46756498035548094,False
39,13,P,473,-73.99238967,40.73726186,2025-06-12 16:57:06.306,2025-06-12 17:17:06.306,0.46756498035548094,0.4594923598767596,False
39,14,D,473,-73.99415556,40.74173969,2025-06-12 16:57:06.306,2025-06-12 17:17:06.306,0.4594923598767596,0.41669605256504,False
39,15,P,477,-74.0103006362915,40.72019521437465,2025-06-12 17:04:02.320,2025-06-12 17:24:02.320,0.41669605256504,0.40479344300435177,False
39,16,D,477,-74.00935515761375,40.71334184275907,2025-06-12 17:04:02.320,2025-06-12 17:24:02.320,0.40479344300435177,0.3743144907524518,False
39,17,P,478,-73.989111,40.722055,2025-06-12 17:52:24.339,2025-06-12 18:12:24.339,0.3743144907524518,0.36302353353874084,False
39,18,D,478,-73.98713956,40.7284186,2025-06-12 17:52:24.339,2025-06-12 18:12:24.339,0.36302353353874084,0.34282183360655716,False
39,19,P,474,-73.99596,40.718822,2025-06-12 18:11:22.849,2025-06-12 18:31:22.849,0.34282183360655716,0.3031649067086971,False
39,20,D,474,-73.99415556,40.74173969,2025-06-12 18:11:22.849,2025-06-12 18:31:22.849,0.3031649067086971,0.28679609896616237,False
39,21,DEPOT,-1,-73.9915,40.751,,,0.28679609896616237,0.28679609896616237,False
40,0,DEPOT,-1,-73.9915,40.751,,,0.4518019029631894,0.4218291098745963,False
40,1,P,489,-73.992573,40.768333,2025-06-12 07:32:18.134,2025-06-12 07:52:18.134,0.4218291098745963,0.3961333982366529,False
40,2,D,489,-73.98316936,40.75527307,2025-06-12 07:32:18.134,2025-06-12 07:52:18.134,0.3961333982366529,0.3267610079382178,False
40,3,P,485,-73.98417055606842,40.71511871996496,2025-06-12 09:22:13.108,2025-06-12 09:42:13.108,0.3267610079382178,0.3076565657994716,False
40,4,D,485,-73.99851193,40.71307916,2025-06-12 09:22:13.108,2025-06-12 09:42:13.108,0.3076565657994716,0.2592767323850326,False
40,5,P,483,-74.001702,40.740983,2025-06-12 10:47:45.996,2025-06-12 11:07:45.996,0.2592767323850326,0.2454978507925943,False
40,6,D,483,-73.99238967,40.73726186,2025-06-12 10:47:45.996,2025-06-12 11:07:45.996,0.2454978507925943,0.21877278631130168,False
40,7,P,487,-73.976831,40.727243,2025-06-12 13:07:56.731,2025-06-12 13:27:56.731,0.21877278631130168,0.1955803460162128,False
40,8,D,487,-73.981095,40.714211,2025-06-12 13:07:56.731,2025-06-12 13:27:56.731,0.1955803460162128,0.161037520263753,False
40,9,P,488,-73.99968780577183,40.72840059450829,2025-06-12 17:48:55.978,2025-06-12 18:08:55.978,0.161037520263753,0.1327988271147195,False
40,10,D,488,-74.01587963104248,40.71759894980997,2025-06-12 17:48:55.978,2025-06-12 18:08:55.978,0.1327988271147195,0.06143376124259518,False
40,11,P,482,-73.9979009,40.75660359,2025-06-12 18:03:20.790,2025-06-12 18:23:20.790,0.6,0.5833732045132412,True
40,12,D,482,-73.98917958140373,40.76360467795863,2025-06-12 18:03:20.790,2025-06-12 18:23:20.790,0.5833732045132412,0.5345082460546997,False
40,13,P,481,-73.9543953537941,40.77391390238118,2025-06-12 19:45:59.413,2025-06-12 20:05:59.413,0.5345082460546997,0.5014300463744776,False
40,14,D,481,-73.945993,40.791976,2025-06-12 19:45:59.413,2025-06-12 20:05:59.413,0.5014300463744776,0.45455150519742177,False
40,15,P,486,-73.98128127,40.78720869,2025-06-12 21:25:15.851,2025-06-12 21:45:15.851,0.45455150519742177,0.4236212971708467,False
40,16,D,486,-73.9681805305,40.8021174,2025-06-12 21:25:15.851,2025-06-12 21:45:15.851,0.4236212971708467,0.3293227886381975,False
40,17,P,491,-73.98805,40.74964,2025-06-12 22:11:25.113,2025-06-12 22:31:25.113,0.3293227886381975,0.3209454844984926,False
40,18,D,491,-73.993934,40.751551,2025-06-12 22:11:25.113,2025-06-12 22:31:25.113,0.3209454844984926,0.28201298567977867,False
40,19,P,484,-73.9865979552269,40.72970805644994,2025-06-12 23:42:11.451,2025-06-13 00:02:11.451,0.28201298567977867,0.27656433657800333,False
40,20,D,484,-73.99075269699097,40.72951496224949,2025-06-12 23:42:11.451,2025-06-13 00:02:11.451,0.27656433657800333,0.22735261695987397,False
40,21,P,480,-74.00926027,40.7047177,2025-06-12 23:46:40.134,2025-06-13 00:06:40.134,0.22735261695987397,0.22256741704345281,False
40,22,D,480,-74.00731853,40.70706456,2025-06-12 23:46:40.134,2025-06-13 00:06:40.134,0.22256741704345281,0.14390216249172505,False
40,23,DEPOT,-1,-73.9915,40.751,,,0.14390216249172505,0.14390216249172505,False
41,0,DEPOT,-1,-73.9915,40.751,,,0.5348624211721458,0.5201380398919725,False
41,1,P,503,-73.99915362,40.74475148,2025-06-12 07:17:20.166,2025-06-12 07:37:20.166,0.5201380398919725,0.4746887670923098,False
41,2,D,503,-73.98517977,40.72066442,2025-06-12 07:17:20.166,2025-06-12 07:37:20.166,0.4746887670923098,0.45466156510121314,False
41,3,P,493,-73.99930492043495,40.72511734422387,2025-06-12 08:55:37.172,2025-06-12 09:15:37.172,0.45466156510121314,0.45466156510121314,False
41,4,D,493,-73.99930492043495,40.72511734422387,2025-06-12 08:55:37.172,2025-06-12 09:15:37.172,0.45466156510121314,0.3242542248272559,False
41,5,P,500,-73.97041192,40.7973721,2025-06-12 11:33:05.695,2025-06-12 11:53:05.695,0.3242542248272559,0.3129460909694021,False
41,6,D,500,-73.97700369358063,40.79313480986663,2025-06-12 11:33:05.695,2025-06-12 11:53:05.695,0.3129460909694021,0.2051139149769149,False
41,7,P,498,-74.00697,40.73498,2025-06-12 12:31:24.095,2025-06-12 12:51:24.095,0.2051139149769149,0.17911901999233057,False
41,8,D,498,-74.002950346,40.749717753,2025-06-12 12:31:24.095,2025-06-12 12:51:24.095,0.17911901999233057,0.09046573060489158,False
41,9,P,499,-73.95482444378061,40.78585105291389,2025-06-12 14:25:55.987,2025-06-12 14:45:55.987,0.09046573060489158,0.07688934630048888,False
41,10,D,499,-73.95407149,40.77801203,2025-06-12 14:25:55.987,2025-06-12 14:45:55.987,0.6,0.5469332000130528,True
41,11,P,496,-73.992573,40.768333,2025-06-12 15:02:10.728,2025-06-12 15:22:10.728,0.5469332000130528,0.526062675617451,False
41,12,D,496,-73.9900262,40.75640548,2025-06-12 15:02:10.728,2025-06-12 15:22:10.728,0.526062675617451,0.487901058123214,False
41,13,P,495,-74.000939,40.735918,2025-06-12 17:30:18.174,2025-06-12 17:50:18.174,0.487901058123214,0.4748131119817653,False
41,14,D,495,-73.99968780577183,40.72840059450829,2025-06-12 17:30:18.174,2025-06-12 17:50:18.174,0.4748131119817653,0.43177920529984604,False
41,15,P,492,-73.99280458705107,40.752762088742045,2025-06-12 18:42:08.054,2025-06-12 19:02:08.054,0.43177920529984604,0.40962485060758436,False
41,16,D,492,-74.007756,40.746745,2025-06-12 18:42:08.054,2025-06-12 19:02:08.054,0.40962485060758436,0.3410810473502609,False
41,17,P,494,-74.00731853,40.70706456,2025-06-12 20:19:08.730,2025-06-12 20:39:08.730,0.3410810473502609,0.3189259431786217,False
41,18,D,494,-74.0052238852195,40.7197920901383,2025-06-12 20:19:08.730,2025-06-12 20:39:08.730,0.3189259431786217,0.2915430825739184,False
41,19,P,501,-73.98616880178452,40.72633085971696,2025-06-12 20:24:13.467,2025-06-12 20:44:13.467,0.2915430825739184,0.2763543207719675,False
41,20,D,501,-73.9949,40.72054,2025-06-12 20:24:13.467,2025-06-12 20:44:13.467,0.2763543207719675,0.22355184186978094,False
41,21,DEPOT,-1,-73.9915,40.751,,,0.22355184186978094,0.22355184186978094,False
42,0,DEPOT,-1,-73.9915,40.751,,,0.5070556714204723,0.49007454514443904,False
42,1,P,513,-73.97896572947502,40.75354681867074,2025-06-12 06:05:20.449,2025-06-12 06:25:20.449,0.49007454514443904,0.4787552028297285,False
42,2,D,513,-73.97032517,40.75323098,2025-06-12 06:05:20.449,2025-06-12 06:25:20.449,0.4787552028297285,0.39538173365633944,False
42,3,P,510,-74.01322069,40.71754834,2025-06-12 08:58:49.596,2025-06-12 09:18:49.596,0.39538173365633944,0.33598646351593386,False
42,4,D,510,-74.005226,40.751396,2025-06-12 08:58:49.596,2025-06-12 09:18:49.596,0.33598646351593386,0.22372129548984132,False
42,5,P,515,-73.9500739,40.8011939,2025-06-12 10:37:44.644,2025-06-12 10:57:44.644,0.22372129548984132,0.214780336099763,False
42,6,D,515,-73.9559308,40.8038654,2025-06-12 10:37:44.644,2025-06-12 10:57:44.644,0.6,0.4407934519304181,True
42,7,P,505,-74.010065,40.721319,2025-06-12 12:13:34.486,2025-06-12 12:33:34.486,0.4407934519304181,0.4220146080554927,False
42,8,D,505,-74.00214988,40.73038599,2025-06-12 12:13:34.486,2025-06-12 12:33:34.486,0.4220146080554927,0.3945773685696745,False
42,9,P,509,-73.98918628692627,40.74286877312112,2025-06-12 12:48:35.431,2025-06-12 13:08:35.431,0.3945773685696745,0.35210476801989066,False
42,10,D,509,-73.99596,40.718822,2025-06-12 12:48:35.431,2025-06-12 13:08:35.431,0.35210476801989066,0.21423161258506002,False
42,11,P,504,-73.9645,40.795,2025-06-12 16:28:32.836,2025-06-12 16:48:32.836,0.21423161258506002,0.19105253664931177,False
42,12,D,504,-73.97667321,40.78524672,2025-06-12 16:28:32.836,2025-06-12 16:48:32.836,0.19105253664931177,0.12075212380280373,False
42,13,P,514,-73.92396,40.79322,2025-06-12 17:27:30.182,2025-06-12 17:47:30.182,0.12075212380280373,0.0680579508682509,False
42,14,D,514,-73.95736455917358,40.81028506306003,2025-06-12 17:27:30.182,2025-06-12 17:47:30.182,0.0680579508682509,0.06061578102529666,False
42,15,P,511,-73.9518776,40.8114323,2025-06-12 17:31:12.135,2025-06-12 17:51:12.135,0.6,0.5815985839594333,True
42,16,D,511,-73.937838,40.812191,2025-06-12 17:31:12.135,2025-06-12 17:51:12.135,0.5815985839594333,0.42941253325696505,False
42,17,P,506,-74.0026376103,40.7390169121,2025-06-12 18:27:38.036,2025-06-12 18:47:38.036,0.42941253325696505,0.4147479953143429,False
42,18,D,506,-74.008769094944,40.73191132323174,2025-06-12 18:27:38.036,2025-06-12 18:47:38.036,0.4147479953143429,0.2534726921877447,False
42,19,P,507,-73.946168,40.812346,2025-06-12 20:03:05.908,2025-06-12 20:23:05.908,0.2534726921877447,0.23267429348832547,False
42,20,D,507,-73.9398167,40.8013066,2025-06-12 20:03:05.908,2025-06-12 20:23:05.908,0.23267429348832547,0.12257730529659876,False
42,21,DEPOT,-1,-73.9915,40.751,,,0.12257730529659876,0.12257730529659876,False
43,0,DEPOT,-1,-73.9915,40.751,,,0.42559699469022855,0.40374228529485123,False
43,1,P,521,-74.001702,40.740983,2025-06-12 08:18:27.107,2025-06-12 08:38:27.107,0.40374228529485123,0.38271401879905226,False
43,2,D,521,-73.996765,40.752568,2025-06-12 08:18:27.107,2025-06-12 08:38:27.107,0.38271401879905226,0.3519250121940955,False
43,3,P,516,-73.97809267044067,40.74172351097472,2025-06-12 09:20:28.679,2025-06-12 09:40:28.679,0.3519250121940955,0.32100010630589976,False
43,4,D,516,-74.001702,40.740983,2025-06-12 09:20:28.679,2025-06-12 09:40:28.679,0.32100010630589976,0.302686136212396,False
43,5,P,524,-74.00214988,40.73038599,2025-06-12 13:37:24.764,2025-06-12 13:57:24.764,0.302686136212396,0.284882837514929,False
43,6,D,524,-74.0106,40.72231,2025-06-12 13:37:24.764,2025-06-12 13:57:24.764,0.284882837514929,0.22005041342848553,False
43,7,P,517,-73.98658032,40.75513557,2025-06-12 14:23:01.405,2025-06-12 14:43:01.405,0.22005041342848553,0.2060052216858975,False
43,8,D,517,-73.996765,40.752568,2025-06-12 14:23:01.405,2025-06-12 14:43:01.405,0.2060052216858975,0.18535059515865937,False
43,9,P,518,-74.00681753,40.74334935,2025-06-12 17:36:02.541,2025-06-12 17:56:02.541,0.18535059515865937,0.1617421242207134,False
43,10,D,518,-73.99006,40.73829,2025-06-12 17:36:02.541,2025-06-12 17:56:02.541,0.1617421242207134,0.14772223057635608,False
43,11,P,523,-73.99102628231049,40.73020660529954,2025-06-12 18:14:19.733,2025-06-12 18:34:19.733,0.14772223057635608,0.13227934965200694,False
43,12,D,523,-73.98131668567657,40.7251285241158,2025-06-12 18:14:19.733,2025-06-12 18:34:19.733,0.13227934965200694,0.12354907317242281,False
43,13,P,519,-73.97772429,40.72938685,2025-06-12 19:21:27.441,2025-06-12 19:41:27.441,0.12354907317242281,0.1025440809465822,False
43,14,D,519,-73.992085,40.734814,2025-06-12 19:21:27.441,2025-06-12 19:41:27.441,0.1025440809465822,0.06913506002875681,False
43,15,P,526,-74.005226,40.751396,2025-06-12 20:22:23.995,2025-06-12 20:42:23.995,0.6,0.5586867848949846,True
43,16,D,526,-73.99005,40.77237,2025-06-12 20:22:23.995,2025-06-12 20:42:23.995,0.5586867848949846,0.5070559856366134,False
43,17,P,522,-74.00004031,40.74345335,2025-06-12 20:41:17.516,2025-06-12 21:01:17.516,0.5070559856366134,0.46882512490201944,False
43,18,D,522,-73.99147535,40.72229346,2025-06-12 20:41:17.516,2025-06-12 21:01:17.516,0.46882512490201944,0.4491247951921747,False
43,19,P,520,-73.98672603070736,40.711471394469264,2025-06-12 22:33:09.759,2025-06-12 22:53:09.759,0.4491247951921747,0.43589041653202987,False
43,20,D,520,-73.99682619,40.71117444,2025-06-12 22:33:09.759,2025-06-12 22:53:09.759,0.43589041653202987,0.3667459687752706,False
43,21,DEPOT,-1,-73.9915,40.751,,,0.3667459687752706,0.3667459687752706,False
44,0,DEPOT,-1,-73.9915,40.751,,,0.5347745582929921,0.4978126935150442,False
44,1,P,535,-73.99005,40.77237,2025-06-12 06:50:08.610,2025-06-12 07:10:08.610,0.4978126935150442,0.4487185942620909,False
44,2,D,535,-73.98303529,40.74444921,2025-06-12 06:50:08.610,2025-06-12 07:10:08.610,0.4487185942620909,0.3493407054932589,False
44,3,P,532,-73.9621128676,40.7997568,2025-06-12 07:45:01.532,2025-06-12 08:05:01.532,0.3493407054932589,0.3436615070475221,False
44,4,D,532,-73.9643412291,40.7969347,2025-06-12 07:45:01.532,2025-06-12 08:05:01.532,0.3436615070475221,0.18701515419293457,False
44,5,P,538,-74.01658354,40.7153379,2025-06-12 08:21:57.079,2025-06-12 08:41:57.079,0.18701515419293457,0.16045460110619275,False
44,6,D,538,-73.99949601,40.72362738,2025-06-12 08:21:57.079,2025-06-12 08:41:57.079,0.16045460110619275,0.1445777166043195,False
44,7,P,531,-73.99102628231049,40.73020660529954,2025-06-12 08:39:50.802,2025-06-12 08:59:50.802,0.1445777166043195,0.1300141183042726,False
44,8,D,531,-74.00214988,40.73038599,2025-06-12 08:39:50.802,2025-06-12 08:59:50.802,0.1300141183042726,0.10313507612282143,False
44,9,P,536,-73.98175925016403,40.72854745023944,2025-06-12 11:18:51.817,2025-06-12 11:38:51.817,0.10313507612282143,0.07605624442176986,False
44,10,D,536,-73.97449783980846,40.74322681432173,2025-06-12 11:18:51.817,2025-06-12 11:38:51.817,0.6,0.5273617724568297,True
44,11,P,528,-73.97667321,40.78524672,2025-06-12 11:39:30.330,2025-06-12 11:59:30.330,0.5273617724568297,0.4846098054201926,False
44,12,D,528,-73.98042047,40.7606597,2025-06-12 11:39:30.330,2025-06-12 11:59:30.330,0.4846098054201926,0.4739583454617636,False
44,13,P,534,-73.9790689945221,40.7667405590595,2025-06-12 18:12:21.661,2025-06-12 18:32:21.661,0.4739583454617636,0.42275348219934333,False
44,14,D,534,-73.99006,40.73829,2025-06-12 18:12:21.661,2025-06-12 18:32:21.661,0.42275348219934333,0.40128336523421554,False
44,15,P,537,-74.0005722643582,40.74783260583772,2025-06-12 19:28:52.511,2025-06-12 19:48:52.511,0.40128336523421554,0.3795246898268918,False
44,16,D,537,-74.000271,40.735238,2025-06-12 19:28:52.511,2025-06-12 19:48:52.511,0.3795246898268918,0.24800348618059623,False
44,17,P,533,-73.9532423,40.802535,2025-06-12 21:40:27.845,2025-06-12 22:00:27.845,0.24800348618059623,0.23400935886481272,False
44,18,D,533,-73.94776493310928,40.80949534777948,2025-06-12 21:40:27.845,2025-06-12 22:00:27.845,0.23400935886481272,0.08935461580096657,False
44,19,P,529,-74.008119,40.739323,2025-06-12 23:45:47.880,2025-06-13 00:05:47.880,0.08935461580096657,0.06929108683143055,False
44,20,D,529,-74.00536268949507,40.72789701409023,2025-06-12 23:45:47.880,2025-06-13 00:05:47.880,0.6,0.5561626819391867,True
44,21,DEPOT,-1,-73.9915,40.751,,,0.5561626819391867,0.5561626819391867,False
45,0,DEPOT,-1,-73.9915,40.751,,,0.5290005150743283,0.4762976991522619,False
45,1,P,549,-73.986274,40.720747,2025-06-12 02:13:13.695,2025-06-12 02:33:13.695,0.4762976991522619,0.46158451353028684,False
45,2,D,549,-73.98175925016403,40.72854745023944,2025-06-12 02:13:13.695,2025-06-12 02:33:13.695,0.46158451353028684,0.27821162859986215,False
45,3,P,551,-73.946665,40.831327,2025-06-12 07:04:40.817,2025-06-12 07:24:40.817,0.27821162859986215,0.2679234000763456,False
45,4,D,551,-73.941427,40.826881,2025-06-12 07:04:40.817,2025-06-12 07:24:40.817,0.2679234000763456,0.18250900281712107,False
45,5,P,542,-73.97667321,40.78524672,2025-06-12 07:56:42.667,2025-06-12 08:16:42.667,0.18250900281712107,0.17434149879728902,False
45,6,D,542,-73.97137,40.78275,2025-06-12 07:56:42.667,2025-06-12 08:16:42.667,0.17434149879728902,0.1163849313352674,False
45,7,P,547,-73.97729203113158,40.7494985460252,2025-06-12 09:30:29.573,2025-06-12 09:50:29.573,0.1163849313352674,0.09765243785693103,False
45,8,D,547,-73.9916,40.749156,2025-06-12 09:30:29.573,2025-06-12 09:50:29.573,0.6,0.4733135871802817,True
45,9,P,550,-73.94521,40.813539,2025-06-12 12:57:09.510,2025-06-12 13:17:09.510,0.4733135871802817,0.46385297213711757,False
45,10,D,550,-73.94476890563965,40.81900581806558,2025-06-12 12:57:09.510,2025-06-12 13:17:09.510,0.46385297213711757,0.4243921602424063,False
45,11,P,543,-73.937261,40.796879,2025-06-12 16:35:07.328,2025-06-12 16:55:07.328,0.4243921602424063,0.3788315359948619,False
45,12,D,543,-73.9543953537941,40.77391390238118,2025-06-12 16:35:07.328,2025-06-12 16:55:07.328,0.3788315359948619,0.3269228629938619,False
45,13,P,545,-73.9816324043,40.752062307,2025-06-12 17:52:51.916,2025-06-12 18:12:51.916,0.3269228629938619,0.26030544163042946,False
45,14,D,545,-74.0103006362915,40.72019521437465,2025-06-12 17:52:51.916,2025-06-12 18:12:51.916,0.26030544163042946,0.22267532639940923,False
45,15,P,546,-74.001702,40.740983,2025-06-12 18:11:29.258,2025-06-12 18:31:29.258,0.22267532639940923,0.21452604269501602,False
45,16,D,546,-74.00747358798981,40.74275382865903,2025-06-12 18:11:29.258,2025-06-12 18:31:29.258,0.21452604269501602,0.19063225538143988,False
45,17,P,548,-73.99906065,40.73047747,2025-06-12 22:35:22.318,2025-06-12 22:55:22.318,0.19063225538143988,0.1865855107131337,False
45,18,D,548,-74.00214988,40.73038599,2025-06-12 22:35:22.318,2025-06-12 22:55:22.318,0.1865855107131337,0.14834745400000615,False
45,19,DEPOT,-1,-73.9915,40.751,,,0.14834745400000615,0.14834745400000615,False
46,0,DEPOT,-1,-73.9915,40.751,,,0.4413704595963366,0.43099128889067784,False
46,1,P,560,-73.98490707,40.74765947,2025-06-12 12:08:21.603,2025-06-12 12:28:21.603,0.43099128889067784,0.42222420368968344,False
46,2,D,560,-73.98770570755005,40.75227093837409,2025-06-12 12:08:21.603,2025-06-12 12:28:21.603,0.42222420368968344,0.3531751172462363,False
46,3,P,553,-73.94446054,40.77518615,2025-06-12 13:59:04.512,2025-06-12 14:19:04.512,0.3531751172462363,0.33427225837127306,False
46,4,D,553,-73.95348296,40.76663814,2025-06-12 13:59:04.512,2025-06-12 14:19:04.512,0.33427225837127306,0.28661210577459595,False
46,5,P,562,-73.98859651,40.75929124,2025-06-12 14:15:22.283,2025-06-12 14:35:22.283,0.28661210577459595,0.2666631757837016,False
46,6,D,562,-73.978326,40.750756,2025-06-12 14:15:22.283,2025-06-12 14:35:22.283,0.2666631757837016,0.2510580541355699,False
46,7,P,563,-73.97809267044067,40.74172351097472,2025-06-12 15:02:24.349,2025-06-12 15:22:24.349,0.2510580541355699,0.21994439641907867,False
46,8,D,563,-74.000271,40.735238,2025-06-12 15:02:24.349,2025-06-12 15:22:24.349,0.21994439641907867,0.18516656805291437,False
46,9,P,559,-74.0091059,40.71625008,2025-06-12 15:13:05.812,2025-06-12 15:33:05.812,0.18516656805291437,0.1702539770272238,False
46,10,D,559,-73.99851193,40.71307916,2025-06-12 15:13:05.812,2025-06-12 15:33:05.812,0.1702539770272238,0.0946550102399507,False
46,11,P,554,-73.98316936,40.75527307,2025-06-12 17:03:11.858,2025-06-12 17:23:11.858,0.6,0.5560057484610921,True
46,12,D,554,-73.95482273,40.7689738,2025-06-12 17:03:11.858,2025-06-12 17:23:11.858,0.5560057484610921,0.5017295278842561,False
46,13,P,555,-73.99461843,40.76009437,2025-06-12 18:51:37.071,2025-06-12 19:11:37.071,0.5017295278842561,0.4972080381108813,False
46,14,D,555,-73.996975,40.762009,2025-06-12 18:51:37.071,2025-06-12 19:11:37.071,0.4972080381108813,0.4918882706657339,False
46,15,P,556,-73.99301222,40.76269882,2025-06-12 19:47:24.445,2025-06-12 20:07:24.445,0.4918882706657339,0.4659678851365121,False
46,16,P,561,-74.002950346,40.749717753,2025-06-12 19:42:25.746,2025-06-12 20:02:25.746,0.4659678851365121,0.4659678851365121,False
46,17,D,561,-74.002950346,40.749717753,2025-06-12 19:42:25.746,2025-06-12 20:02:25.746,0.4659678851365121,0.4342815045994542,False
46,18,D,556,-74.008769094944,40.73191132323174,2025-06-12 19:47:24.445,2025-06-12 20:07:24.445,0.4342815045994542,0.4147616172588539,False
46,19,P,558,-74.00238141417502,40.72170005235607,2025-06-12 22:39:48.606,2025-06-12 22:59:48.606,0.4147616172588539,0.36801397597021357,False
46,20,D,558,-73.98303529,40.74444921,2025-06-12 22:39:48.606,2025-06-12 22:59:48.606,0.36801397597021357,0.35395306238282925,False
46,21,P,557,-73.99006,40.73829,2025-06-12 23:00:15.559,2025-06-12 23:20:15.559,0.35395306238282925,0.3243246493735353,False
46,22,D,557,-74.002353,40.752694,2025-06-12 23:00:15.559,2025-06-12 23:20:15.559,0.3243246493735353,0.30982483308750314,False
46,23,DEPOT,-1,-73.9915,40.751,,,0.30982483308750314,0.30982483308750314,False
47,0,DEPOT,-1,-73.9915,40.751,,,0.4205489018253512,0.4091804997497898,False
47,1,P,574,-73.99098507,40.7575699,2025-06-12 04:13:52.148,2025-06-12 04:33:52.148,0.4091804997497898,0.3980908941951666,False
47,2,D,574,-73.993934,40.751551,2025-06-12 04:13:52.148,2025-06-12 04:33:52.148,0.3980908941951666,0.33353052641242814,False
47,3,P,573,-73.9543953537941,40.77391390238118,2025-06-12 06:32:55.683,2025-06-12 06:52:55.683,0.33353052641242814,0.25748848001027724,False
47,4,D,573,-74.002950346,40.749717753,2025-06-12 06:32:55.683,2025-06-12 06:52:55.683,0.25748848001027724,0.13788969744659063,False
47,5,P,570,-73.9389152,40.799139,2025-06-12 08:10:43.477,2025-06-12 08:30:43.477,0.13788969744659063,0.09849898644694333,False
47,6,D,570,-73.951819,40.819746,2025-06-12 08:10:43.477,2025-06-12 08:30:43.477,0.6,0.4332405653984136,True
47,7,P,572,-73.97768752,40.72521311,2025-06-12 10:02:57.449,2025-06-12 10:22:57.449,0.4332405653984136,0.4145935465909319,False
47,8,D,572,-73.99075269699097,40.72951496224949,2025-06-12 10:02:57.449,2025-06-12 10:22:57.449,0.4145935465909319,0.3615990500664459,False
47,9,P,567,-73.9912551,40.76019252,2025-06-12 10:28:19.592,2025-06-12 10:48:19.592,0.3615990500664459,0.34184212264331393,False
47,10,D,567,-73.97896572947502,40.75354681867074,2025-06-12 10:28:19.592,2025-06-12 10:48:19.592,0.34184212264331393,0.3018749692656894,False
47,11,P,564,-74.00821,40.746872,2025-06-12 19:35:24.522,2025-06-12 19:55:24.522,0.3018749692656894,0.28949218842294044,False
47,12,D,564,-74.0052741765976,40.74005708567285,2025-06-12 19:35:24.522,2025-06-12 19:55:24.522,0.28949218842294044,0.2789011065907881,False
47,13,P,565,-74.000271,40.735238,2025-06-12 20:55:42.095,2025-06-12 21:15:42.095,0.2789011065907881,0.24616770007009564,False
47,14,D,565,-74.00650128722191,40.71688538495366,2025-06-12 20:55:42.095,2025-06-12 21:15:42.095,0.24616770007009564,0.1840763788773659,False
47,15,P,566,-74.002353,40.752694,2025-06-12 21:50:54.293,2025-06-12 22:10:54.293,0.1840763788773659,0.13843475408253994,False
47,16,D,566,-73.967641,40.755293,2025-06-12 21:50:54.293,2025-06-12 22:10:54.293,0.6,0.5093051748314503,True
47,17,P,568,-74.01587963104248,40.71759894980997,2025-06-12 23:41:48.479,2025-06-13 00:01:48.479,0.5093051748314503,0.47709647636981994,False
47,18,D,568,-74.00697,40.73498,2025-06-12 23:41:48.479,2025-06-13 00:01:48.479,0.47709647636981994,0.44280912788667975,False
47,19,DEPOT,-1,-73.9915,40.751,,,0.44280912788667975,0.44280912788667975,False
48,0,DEPOT,-1,-73.9915,40.751,,,0.5033240558347448,0.49789538912136727,False
48,1,P,577,-73.98770570755005,40.75227093837409,2025-06-12 05:51:45.096,2025-06-12 06:11:45.096,0.49789538912136727,0.46720159981942705,False
48,2,D,577,-73.992085,40.734814,2025-06-12 05:51:45.096,2025-06-12 06:11:45.096,0.46720159981942705,0.43418315642870503,False
48,3,P,586,-73.971822,40.746202,2025-06-12 10:54:02.206,2025-06-12 11:14:02.206,0.43418315642870503,0.40621383341779704,False
48,4,D,586,-73.977242,40.761865,2025-06-12 10:54:02.206,2025-06-12 11:14:02.206,0.40621383341779704,0.3668004417219943,False
48,5,P,584,-73.97973776,40.73912601,2025-06-12 11:49:30.299,2025-06-12 12:09:30.299,0.3668004417219943,0.35847903337769726,False
48,6,D,584,-73.97966069,40.74394314,2025-06-12 11:49:30.299,2025-06-12 12:09:30.299,0.35847903337769726,0.31801149812633817,False
48,7,P,583,-73.99147535,40.72229346,2025-06-12 16:47:24.050,2025-06-12 17:07:24.050,0.31801149812633817,0.26360388397936624,False
48,8,D,583,-74.002353,40.752694,2025-06-12 16:47:24.050,2025-06-12 17:07:24.050,0.26360388397936624,0.17555972730631134,False
48,9,P,580,-73.953559,40.787801,2025-06-12 17:23:25.404,2025-06-12 17:43:25.404,0.17555972730631134,0.12033313143652896,False
48,10,D,580,-73.951819,40.819746,2025-06-12 17:23:25.404,2025-06-12 17:43:25.404,0.6,0.4565585954858177,True
48,11,P,576,-74.00451887,40.74691959,2025-06-12 18:24:57.409,2025-06-12 18:44:57.409,0.4565585954858177,0.4046146109819939,False
48,12,D,576,-74.00650128722191,40.71688538495366,2025-06-12 18:24:57.409,2025-06-12 18:44:57.409,0.4046146109819939,0.3950237413350588,False
48,13,P,581,-74.01047229766846,40.71221958009051,2025-06-12 18:43:11.119,2025-06-12 19:03:11.119,0.3950237413350588,0.3854328716881237,False
48,14,D,581,-74.00650128722191,40.71688538495366,2025-06-12 18:43:11.119,2025-06-12 19:03:11.119,0.3854328716881237,0.23417577481368823,False
48,15,P,579,-73.96649479866028,40.79904139288298,2025-06-12 20:56:08.908,2025-06-12 21:16:08.908,0.23417577481368823,0.19743077203575718,False
48,16,D,579,-73.9430681,40.8107922,2025-06-12 20:56:08.908,2025-06-12 21:16:08.908,0.6,0.41410718065716523,True
48,17,P,587,-73.99682619,40.71117444,2025-06-12 22:08:59.392,2025-06-12 22:28:59.392,0.41410718065716523,0.4024262202529608,False
48,18,D,587,-74.00495,40.70838,2025-06-12 22:08:59.392,2025-06-12 22:28:59.392,0.4024262202529608,0.32135584862420896,False
48,19,P,578,-73.978326,40.750756,2025-06-12 22:36:15.510,2025-06-12 22:56:15.510,0.32135584862420896,0.2783776942360008,False
48,20,D,578,-74.00026394,40.73224119,2025-06-12 22:36:15.510,2025-06-12 22:56:15.510,0.2783776942360008,0.2484653770653857,False
48,21,P,582,-73.97772429,40.72938685,2025-06-12 22:49:15.760,2025-06-12 23:09:15.760,0.2484653770653857,0.2167717483458685,False
48,22,D,582,-73.98776323,40.71269042,2025-06-12 22:49:15.760,2025-06-12 23:09:15.760,0.2167717483458685,0.15041775526240447,False
48,23,DEPOT,-1,-73.9915,40.751,,,0.15041775526240447,0.15041775526240447,False
49,0,DEPOT,-1,-73.9915,40.751,,,0.389348021557955,0.3731177235320604,False
49,1,P,595,-73.99461843,40.76009437,2025-06-12 08:24:06.901,2025-06-12 08:44:06.901,0.3731177235320604,0.34595912571466325,False
49,2,D,595,-73.99915362,40.74475148,2025-06-12 08:24:06.901,2025-06-12 08:44:06.901,0.34595912571466325,0.2752464022456745,False
49,3,P,589,-73.95348296,40.76663814,2025-06-12 10:57:37.318,2025-06-12 11:17:37.318,0.2752464022456745,0.2397306201699656,False
49,4,D,589,-73.97138714790344,40.75118387463277,2025-06-12 10:57:37.318,2025-06-12 11:17:37.318,0.2397306201699656,0.17758570576737423,False
49,5,P,590,-73.98261206,40.71622644,2025-06-12 13:12:43.867,2025-06-12 13:32:43.867,0.17758570576737423,0.13906212763606224,False
49,6,D,590,-73.99238967,40.73726186,2025-06-12 13:12:43.867,2025-06-12 13:32:43.867,0.13906212763606224,0.1324526871636176,False
49,7,P,597,-73.98751968,40.73827428,2025-06-12 13:37:36.985,2025-06-12 13:57:36.985,0.1324526871636176,0.11338375993026384,False
49,8,D,597,-73.97449783980846,40.74322681432173,2025-06-12 13:37:36.985,2025-06-12 13:57:36.985,0.6,0.4658546769370047,True
49,9,P,591,-73.9422959089279,40.81695971032464,2025-06-12 16:17:08.624,2025-06-12 16:37:08.624,0.4658546769370047,0.45111152371877067,False
49,10,D,591,-73.94776493310928,40.80949534777948,2025-06-12 16:17:08.624,2025-06-12 16:37:08.624,0.45111152371877067,0.31901683972538253,False
49,11,P,593,-73.98958593606949,40.73988840858996,2025-06-12 16:44:23.275,2025-06-12 17:04:23.275,0.31901683972538253,0.31034562545,False
49,12,D,593,-73.983293,40.741459,2025-06-12 16:44:23.275,2025-06-12 17:04:23.275,0.31034562545,0.27542128508541636,False
49,13,P,588,-73.98256,40.76167,2025-06-12 17:15:13.264,2025-06-12 17:35:13.264,0.27542128508541636,0.2565525411420097,False
49,14,D,588,-73.996975,40.762009,2025-06-12 17:15:13.264,2025-06-12 17:35:13.264,0.2565525411420097,0.1957490322030419,False
49,15,P,594,-74.00297088,40.72710258,2025-06-12 19:03:12.497,2025-06-12 19:23:12.497,0.1957490322030419,0.16445096229716213,False
49,16,D,594,-73.98205027,40.73587678,2025-06-12 19:03:12.497,2025-06-12 19:23:12.497,0.16445096229716213,0.10887454379566391,False
49,17,P,596,-74.00655090808868,40.70960089363537,2025-06-12 19:22:29.733,2025-06-12 19:42:29.733,0.10887454379566391,0.07608039618906898,False
49,18,D,596,-73.986274,40.720747,2025-06-12 19:22:29.733,2025-06-12 19:42:29.733,0.6,0.49113888533870054,True
49,19,P,598,-73.97137,40.78275,2025-06-12 22:14:37.204,2025-06-12 22:34:37.204,0.49113888533870054,0.46815057177264646,False
49,20,D,598,-73.9645,40.795,2025-06-12 22:14:37.204,2025-06-12 22:34:37.204,0.46815057177264646,0.38434211999391255,False
49,21,DEPOT,-1,-73.9915,40.751,,,0.38434211999391255,0.38434211999391255,False
50,0,DEPOT,-1,-73.9915,40.751,,,0.4019807225197727,0.3637198534586232,False
50,1,P,600,-73.98426726,40.72953837,2025-06-12 00:13:54.291,2025-06-12 00:33:54.291,0.3637198534586232,0.30104523175426845,False
50,2,D,600,-73.96094022,40.7612274,2025-06-12 00:13:54.291,2025-06-12 00:33:54.291,0.30104523175426845,0.20372416795740203,False
50,3,P,608,-73.99400398,40.71076228,2025-06-12 04:54:27.476,2025-06-12 05:14:27.476,0.20372416795740203,0.18457212640086693,False
50,4,D,608,-74.005549,40.717571,2025-06-12 04:54:27.476,2025-06-12 05:14:27.476,0.18457212640086693,0.14870454715755493,False
50,5,P,607,-73.98142006,40.72740794,2025-06-12 07:28:25.456,2025-06-12 07:48:25.456,0.14870454715755493,0.13955651733443422,False
50,6,D,607,-73.98840844631195,40.72737869323223,2025-06-12 07:28:25.456,2025-06-12 07:48:25.456,0.13955651733443422,0.09555428654055376,False
50,7,P,602,-73.970127,40.7487575,2025-06-12 07:47:53.907,2025-06-12 08:07:53.907,0.6,0.562208615676593,True
50,8,D,602,-73.95348296,40.76663814,2025-06-12 07:47:53.907,2025-06-12 08:07:53.907,0.562208615676593,0.5211880648453777,False
50,9,P,604,-73.98464,40.76931,2025-06-12 12:04:35.795,2025-06-12 12:24:35.795,0.5211880648453777,0.4881901111568239,False
50,10,D,604,-73.993934,40.751551,2025-06-12 12:04:35.795,2025-06-12 12:24:35.795,0.4881901111568239,0.37106336637283344,False
50,11,P,610,-73.9452087,40.808442,2025-06-12 12:43:22.579,2025-06-12 13:03:22.579,0.37106336637283344,0.3485116556522652,False
50,12,D,610,-73.9441232,40.7954121,2025-06-12 12:43:22.579,2025-06-12 13:03:22.579,0.3485116556522652,0.27252372172607164,False
50,13,P,611,-73.97811613976955,40.75973805251143,2025-06-12 17:00:52.829,2025-06-12 17:20:52.829,0.27252372172607164,0.21776168484337358,False
50,14,D,611,-73.99075269699097,40.72951496224949,2025-06-12 17:00:52.829,2025-06-12 17:20:52.829,0.21776168484337358,0.17743292057147544,False
50,15,P,605,-74.00108054280281,40.7075188830923,2025-06-12 17:27:53.025,2025-06-12 17:47:53.025,0.17743292057147544,0.11114136107576984,False
50,16,D,605,-73.98215353488922,40.74311555376486,2025-06-12 17:27:53.025,2025-06-12 17:47:53.025,0.11114136107576984,0.0784357931675387,False
50,17,P,606,-73.98783413,40.72467721,2025-06-12 18:29:26.140,2025-06-12 18:49:26.140,0.6,0.5735403632668485,True
50,18,P,603,-74.00666661,40.71911552,2025-06-12 18:39:58.489,2025-06-12 18:59:58.489,0.5735403632668485,0.5630342361129587,False
50,19,D,606,-73.99879,40.72028,2025-06-12 18:29:26.140,2025-06-12 18:49:26.140,0.5630342361129587,0.539536159457992,False
50,20,D,603,-73.98085795,40.7208736,2025-06-12 18:39:58.489,2025-06-12 18:59:58.489,0.539536159457992,0.4694359522766462,False
50,21,P,601,-73.99461843,40.76009437,2025-06-12 19:05:35.564,2025-06-12 19:25:35.564,0.4694359522766462,0.41987416556511664,False
50,22,D,601,-73.97137,40.78275,2025-06-12 19:05:35.564,2025-06-12 19:25:35.564,0.41987416556511664,0.35903615515597076,False
50,23,DEPOT,-1,-73.9915,40.751,,,0.35903615515597076,0.35903615515597076,False
51,0,DEPOT,-1,-73.9915,40.751,,,0.36154607664771116,0.34850421670004905,False
51,1,P,619,-73.9816324043,40.752062307,2025-06-12 07:23:41.571,2025-06-12 07:43:41.571,0.34850421670004905,0.3447985214387153,False
51,2,D,619,-73.98338988,40.75038009,2025-06-12 07:23:41.571,2025-06-12 07:43:41.571,0.3447985214387153,0.28029404012322123,False
51,3,P,612,-73.95595908164978,40.781410700190015,2025-06-12 07:56:28.431,2025-06-12 08:16:28.431,0.28029404012322123,0.2336310373195981,False
51,4,D,612,-73.97982001304626,40.76132983124814,2025-06-12 07:56:28.431,2025-06-12 08:16:28.431,0.2336310373195981,0.21847274441096914,False
51,5,P,621,-73.98464,40.76931,2025-06-12 08:16:19.220,2025-06-12 08:36:19.220,0.21847274441096914,0.14197115732680388,False
51,6,D,621,-74.00536268949507,40.72789701409023,2025-06-12 08:16:19.220,2025-06-12 08:36:19.220,0.14197115732680388,0.13471511740890077,False
51,7,P,616,-74.00887,40.73115,2025-06-12 09:50:56.116,2025-06-12 10:10:56.116,0.13471511740890077,0.07406760632759127,False
51,8,D,616,-73.97498696,40.75510267,2025-06-12 09:50:56.116,2025-06-12 10:10:56.116,0.6,0.5410458417464953,True
51,9,P,617,-73.96680057048798,40.78866499127883,2025-06-12 10:18:02.276,2025-06-12 10:38:02.276,0.5410458417464953,0.526831009444765,False
51,10,D,617,-73.95987510681152,40.78232260730881,2025-06-12 10:18:02.276,2025-06-12 10:38:02.276,0.526831009444765,0.45584893551186595,False
51,11,P,613,-74.00059908628464,40.75516719072139,2025-06-12 12:59:39.106,2025-06-12 13:19:39.106,0.45584893551186595,0.4238130204558591,False
51,12,D,613,-73.98169333,40.76695317,2025-06-12 12:59:39.106,2025-06-12 13:19:39.106,0.4238130204558591,0.378453074462464,False
51,13,P,622,-73.98160636425018,40.74069317733043,2025-06-12 13:09:33.006,2025-06-12 13:29:33.006,0.378453074462464,0.3758796744539669,False
51,14,D,622,-73.983293,40.741459,2025-06-12 13:09:33.006,2025-06-12 13:29:33.006,0.3758796744539669,0.3424718183230711,False
51,15,P,615,-73.97069431,40.75828065,2025-06-12 14:54:14.239,2025-06-12 15:14:14.239,0.3424718183230711,0.32097310159039594,False
51,16,D,615,-73.98338988,40.75038009,2025-06-12 14:54:14.239,2025-06-12 15:14:14.239,0.32097310159039594,0.25805148013610646,False
51,17,P,614,-74.0103006362915,40.72019521437465,2025-06-12 17:00:40.341,2025-06-12 17:20:40.341,0.25805148013610646,0.24630175674413377,False
51,18,D,614,-74.01658354,40.7153379,2025-06-12 17:00:40.341,2025-06-12 17:20:40.341,0.24630175674413377,0.1953150693836349,False
51,19,P,623,-73.990134,40.737006,2025-06-12 19:19:35.803,2025-06-12 19:39:35.803,0.1953150693836349,0.17417468570211683,False
51,20,D,623,-73.99213135242462,40.72486122254819,2025-06-12 19:19:35.803,2025-06-12 19:39:35.803,0.17417468570211683,0.15756657097047425,False
51,21,P,620,-74.00026394,40.73224119,2025-06-12 19:32:49.907,2025-06-12 19:52:49.907,0.15756657097047425,0.11923403402745097,False
51,22,D,620,-73.98338988,40.75038009,2025-06-12 19:32:49.907,2025-06-12 19:52:49.907,0.11923403402745097,0.10605724391646788,False
51,23,P,618,-73.99177,40.75461,2025-06-12 19:57:33.511,2025-06-12 20:17:33.511,0.6,0.5456649881972725,True
51,24,D,618,-73.95482273,40.7689738,2025-06-12 19:57:33.511,2025-06-12 20:17:33.511,0.5456649881972725,0.4885099082202329,False
51,25,DEPOT,-1,-73.9915,40.751,,,0.4885099082202329,0.4885099082202329,False
52,0,DEPOT,-1,-73.9915,40.751,,,0.5252541192754491,0.45603552342166676,False
52,1,P,626,-73.9468208,40.7724607,2025-06-12 03:28:30.830,2025-06-12 03:48:30.830,0.45603552342166676,0.45196496202714137,False
52,2,D,626,-73.94989233,40.7728384,2025-06-12 03:28:30.830,2025-06-12 03:48:30.830,0.45196496202714137,0.43101532332382847,False
52,3,P,633,-73.95987510681152,40.78232260730881,2025-06-12 07:51:41.395,2025-06-12 08:11:41.395,0.43101532332382847,0.40971479062723454,False
52,4,D,633,-73.95356208096926,40.77095553869235,2025-06-12 07:51:41.395,2025-06-12 08:11:41.395,0.40971479062723454,0.3466311620497996,False
52,5,P,625,-73.9979009,40.75660359,2025-06-12 08:57:36.638,2025-06-12 09:17:36.638,0.3466311620497996,0.30486744625890383,False
52,6,D,625,-73.96603308,40.75797322,2025-06-12 08:57:36.638,2025-06-12 09:17:36.638,0.30486744625890383,0.2555817507875725,False
52,7,P,627,-73.986923,40.734232,2025-06-12 12:36:35.298,2025-06-12 12:56:35.298,0.2555817507875725,0.22690933743542782,False
52,8,D,627,-73.99879,40.72028,2025-06-12 12:36:35.298,2025-06-12 12:56:35.298,0.6,0.43128913542560526,True
52,9,P,632,-73.936322,40.805726,2025-06-12 13:32:20.686,2025-06-12 13:52:20.686,0.43128913542560526,0.42245818295663995,False
52,10,D,632,-73.93973,40.81014,2025-06-12 13:32:20.686,2025-06-12 13:52:20.686,0.42245818295663995,0.27870667219720097,False
52,11,P,634,-73.98797392845154,40.735367055605394,2025-06-12 14:17:32.373,2025-06-12 14:37:32.373,0.27870667219720097,0.23099539605209465,False
52,12,D,634,-74.01587963104248,40.71759894980997,2025-06-12 14:17:32.373,2025-06-12 14:37:32.373,0.23099539605209465,0.15465030090748044,False
52,13,P,629,-73.99098507,40.7575699,2025-06-12 15:10:28.109,2025-06-12 15:30:28.109,0.15465030090748044,0.13978872470320938,False
52,14,D,629,-73.98268129,40.76344058,2025-06-12 15:10:28.109,2025-06-12 15:30:28.109,0.6,0.46854632964223863,True
52,15,P,630,-73.94510813442648,40.83402740143528,2025-06-12 16:04:46.073,2025-06-12 16:24:46.073,0.46854632964223863,0.4627459660230818,False
52,16,D,630,-73.9466,40.83719,2025-06-12 16:04:46.073,2025-06-12 16:24:46.073,0.4627459660230818,0.3269002243398642,False
52,17,P,624,-73.98268129,40.76344058,2025-06-12 18:03:28.945,2025-06-12 18:23:28.945,0.3269002243398642,0.28118460825421665,False
52,18,D,624,-73.97757,40.789622,2025-06-12 18:03:28.945,2025-06-12 18:23:28.945,0.28118460825421665,0.18782295012373224,False
52,19,P,631,-74.0026376103,40.7390169121,2025-06-12 18:35:00.065,2025-06-12 18:55:00.065,0.18782295012373224,0.1728875778844434,False
52,20,D,631,-74.007756,40.746745,2025-06-12 18:35:00.065,2025-06-12 18:55:00.065,0.1728875778844434,0.15038120474270927,False
52,21,DEPOT,-1,-73.9915,40.751,,,0.15038120474270927,0.15038120474270927,False
53,0,DEPOT,-1,-73.9915,40.751,,,0.4996186798843267,0.43918753685570433,False
53,1,P,643,-73.95356208096926,40.77095553869235,2025-06-12 06:21:33.304,2025-06-12 06:41:33.304,0.43918753685570433,0.4316350294034366,False
53,2,D,643,-73.95856158,40.77314236,2025-06-12 06:21:33.304,2025-06-12 06:41:33.304,0.4316350294034366,0.40366899758963537,False
53,3,P,640,-73.96603308,40.75797322,2025-06-12 07:42:56.746,2025-06-12 08:02:56.746,0.40366899758963537,0.39094731010520456,False
53,4,D,640,-73.97498696,40.75510267,2025-06-12 07:42:56.746,2025-06-12 08:02:56.746,0.39094731010520456,0.28203007277932424,False
53,5,P,641,-73.941878,40.81296,2025-06-12 10:15:54.150,2025-06-12 10:35:54.150,0.28203007277932424,0.2688206436943415,False
53,6,D,641,-73.949373,40.8078316,2025-06-12 10:15:54.150,2025-06-12 10:35:54.150,0.2688206436943415,0.19084161396307825,False
53,7,P,645,-73.9819684624672,40.77003010255044,2025-06-12 11:55:19.294,2025-06-12 12:15:19.294,0.19084161396307825,0.17226346084364358,False
53,8,D,645,-73.97728532552719,40.7801839724239,2025-06-12 11:55:19.294,2025-06-12 12:15:19.294,0.6,0.487595237553046,True
53,9,P,646,-73.99191,40.71606,2025-06-12 15:41:24.991,2025-06-12 16:01:24.991,0.487595237553046,0.46837195033162093,False
53,10,D,646,-74.00314,40.72323,2025-06-12 15:41:24.991,2025-06-12 16:01:24.991,0.46837195033162093,0.44912470441008207,False
53,11,P,638,-73.99067759513855,40.717318403855785,2025-06-12 16:37:23.117,2025-06-12 16:57:23.117,0.44912470441008207,0.41551973907839007,False
53,12,D,638,-73.98473765,40.73624527,2025-06-12 16:37:23.117,2025-06-12 16:57:23.117,0.41551973907839007,0.37146572863041916,False
53,13,P,642,-73.98655101656914,40.76171227910671,2025-06-12 17:16:03.871,2025-06-12 17:36:03.871,0.37146572863041916,0.34122314224581285,False
53,14,D,642,-74.005226,40.751396,2025-06-12 17:16:03.871,2025-06-12 17:36:03.871,0.34122314224581285,0.30592784113344323,False
53,15,P,644,-74.00887,40.73115,2025-06-12 18:08:54.217,2025-06-12 18:28:54.217,0.30592784113344323,0.2970331149277689,False
53,16,D,644,-74.00214988,40.73038599,2025-06-12 18:08:54.217,2025-06-12 18:28:54.217,0.2970331149277689,0.2772681843461417,False
53,17,P,647,-73.99147535,40.72229346,2025-06-12 18:57:49.690,2025-06-12 19:17:49.690,0.2772681843461417,0.2670803055041003,False
53,18,D,647,-73.99879,40.72028,2025-06-12 18:57:49.690,2025-06-12 19:17:49.690,0.2670803055041003,0.25463671622524175,False
53,19,P,636,-73.99851193,40.71307916,2025-06-12 19:17:08.222,2025-06-12 19:37:08.222,0.25463671622524175,0.23552892341219914,False
53,20,D,636,-74.00803416967392,40.70469667894968,2025-06-12 19:17:08.222,2025-06-12 19:37:08.222,0.23552892341219914,0.15267092520398906,False
53,21,DEPOT,-1,-73.9915,40.751,,,0.15267092520398906,0.15267092520398906,False
54,0,DEPOT,-1,-73.9915,40.751,,,0.5080847295115303,0.4382811647443442,False
54,1,P,659,-74.01658354,40.7153379,2025-06-12 07:28:26.129,2025-06-12 07:48:26.129,0.4382811647443442,0.4126440883731516,False
54,2,D,659,-74.00165855884552,40.72494672359416,2025-06-12 07:28:26.129,2025-06-12 07:48:26.129,0.4126440883731516,0.2980449485486536,False
54,3,P,653,-73.94446054,40.77518615,2025-06-12 08:22:18.380,2025-06-12 08:42:18.380,0.2980449485486536,0.2473050694755251,False
54,4,D,653,-73.98169333,40.76695317,2025-06-12 08:22:18.380,2025-06-12 08:42:18.380,0.2473050694755251,0.22204804583731938,False
54,5,P,658,-73.98734897375107,40.7529728216068,2025-06-12 08:42:20.250,2025-06-12 09:02:20.250,0.22204804583731938,0.19613889837871865,False
54,6,D,658,-73.97973776,40.73912601,2025-06-12 08:42:20.250,2025-06-12 09:02:20.250,0.19613889837871865,0.09479138830059163,False
54,7,P,649,-73.97041192,40.7973721,2025-06-12 10:14:47.762,2025-06-12 10:34:47.762,0.09479138830059163,0.0882774894768323,False
54,8,D,649,-73.971888,40.7937704,2025-06-12 10:14:47.762,2025-06-12 10:34:47.762,0.6,0.5363952561724055,True
54,9,P,652,-73.97805914282799,40.75724567911726,2025-06-12 12:38:04.641,2025-06-12 12:58:04.641,0.5363952561724055,0.5251799695366499,False
54,10,D,652,-73.978326,40.750756,2025-06-12 12:38:04.641,2025-06-12 12:58:04.641,0.5251799695366499,0.4503337592948825,False
54,11,P,650,-73.94552579,40.7862586,2025-06-12 14:00:28.341,2025-06-12 14:20:28.341,0.4503337592948825,0.4159933723479028,False
54,12,D,650,-73.97137,40.78275,2025-06-12 14:00:28.341,2025-06-12 14:20:28.341,0.4159933723479028,0.3844443488641169,False
54,13,P,655,-73.973473,40.764555,2025-06-12 14:30:17.295,2025-06-12 14:50:17.295,0.3844443488641169,0.3504624300637318,False
54,14,D,655,-73.98093133,40.78339981,2025-06-12 14:30:17.295,2025-06-12 14:50:17.295,0.3504624300637318,0.3245285329533807,False
54,15,P,654,-73.96685276,40.77282817,2025-06-12 14:58:44.096,2025-06-12 15:18:44.096,0.3245285329533807,0.2912577095142691,False
54,16,D,654,-73.98917958140373,40.76360467795863,2025-06-12 14:58:44.096,2025-06-12 15:18:44.096,0.2912577095142691,0.253107716467159,False
54,17,P,657,-74.00821,40.746872,2025-06-12 15:51:14.701,2025-06-12 16:11:14.701,0.253107716467159,0.2089023977954701,False
54,18,D,657,-74.010065,40.721319,2025-06-12 15:51:14.701,2025-06-12 16:11:14.701,0.2089023977954701,0.19925452012497996,False
54,19,P,651,-74.00314,40.72323,2025-06-12 17:05:43.143,2025-06-12 17:25:43.143,0.19925452012497996,0.16853143180850047,False
54,20,D,651,-74.001702,40.740983,2025-06-12 17:05:43.143,2025-06-12 17:25:43.143,0.16853143180850047,0.14508902256509196,False
54,21,P,648,-73.99280458705107,40.752762088742045,2025-06-12 19:43:40.020,2025-06-12 20:03:40.020,0.14508902256509196,0.0854492910387321,False
54,22,D,648,-73.98178024,40.71926081,2025-06-12 19:43:40.020,2025-06-12 20:03:40.020,0.6,0.5437191077758523,True
54,23,DEPOT,-1,-73.9915,40.751,,,0.5437191077758523,0.5437191077758523,False
55,0,DEPOT,-1,-73.9915,40.751,,,0.5239530965146132,0.44910388134953927,False
55,1,P,669,-74.014847,40.711444,2025-06-12 07:27:43.694,2025-06-12 07:47:43.694,0.44910388134953927,0.4324255019288699,False
55,2,D,669,-74.007867872715,40.70336686695866,2025-06-12 07:27:43.694,2025-06-12 07:47:43.694,0.4324255019288699,0.3950937049121567,False
55,3,P,665,-73.98997825,40.72019576,2025-06-12 08:23:46.099,2025-06-12 08:43:46.099,0.3950937049121567,0.38875982758145966,False
55,4,D,665,-73.98517977,40.72066442,2025-06-12 08:23:46.099,2025-06-12 08:43:46.099,0.38875982758145966,0.3092816188336239,False
55,5,P,660,-73.9646,40.763954,2025-06-12 09:06:32.688,2025-06-12 09:26:32.688,0.3092816188336239,0.2939664623378991,False
55,6,D,660,-73.95772297,40.77112927,2025-06-12 09:06:32.688,2025-06-12 09:26:32.688,0.2939664623378991,0.286528992034581,False
55,7,P,666,-73.96222088,40.773763,2025-06-12 09:44:21.196,2025-06-12 10:04:21.196,0.286528992034581,0.23182115435606987,False
55,8,D,666,-73.951475,40.804372,2025-06-12 09:44:21.196,2025-06-12 10:04:21.196,0.6,0.41933141128406115,True
55,9,P,667,-74.014847,40.711444,2025-06-12 13:14:01.765,2025-06-12 13:34:01.765,0.41933141128406115,0.3491813062777282,False
55,10,D,667,-74.005226,40.751396,2025-06-12 13:14:01.765,2025-06-12 13:34:01.765,0.3491813062777282,0.28241439286759284,False
55,11,P,664,-73.99851193,40.71307916,2025-06-12 13:57:37.565,2025-06-12 14:17:37.565,0.28241439286759284,0.26762426859997174,False
55,12,P,663,-74.00559738278389,40.706410755236135,2025-06-12 14:04:45.031,2025-06-12 14:24:45.031,0.26762426859997174,0.252274843675511,False
55,13,D,664,-74.00234482,40.71494807,2025-06-12 13:57:37.565,2025-06-12 14:17:37.565,0.252274843675511,0.21662260877995893,False
55,14,D,663,-73.99800419,40.73532427,2025-06-12 14:04:45.031,2025-06-12 14:24:45.031,0.21662260877995893,0.08670999921985581,False
55,15,P,662,-73.9500739,40.8011939,2025-06-12 15:03:45.668,2025-06-12 15:23:45.668,0.6,0.570574580257302,True
55,16,D,662,-73.950988,40.818215,2025-06-12 15:03:45.668,2025-06-12 15:23:45.668,0.570574580257302,0.5505296981988776,False
55,17,P,671,-73.9596214,40.8086249,2025-06-12 18:35:41.664,2025-06-12 18:55:41.664,0.5505296981988776,0.5316836567522008,False
55,18,D,671,-73.9452087,40.808442,2025-06-12 18:35:41.664,2025-06-12 18:55:41.664,0.5316836567522008,0.4252081185362777,False
55,19,P,661,-73.99379968643188,40.75898481399634,2025-06-12 20:55:16.456,2025-06-12 21:15:16.456,0.4252081185362777,0.4252081185362777,False
55,20,D,661,-73.99379968643188,40.75898481399634,2025-06-12 20:55:16.456,2025-06-12 21:15:16.456,0.4252081185362777,0.3980961176632813,False
55,21,P,668,-73.97729203113158,40.7494985460252,2025-06-12 21:20:35.060,2025-06-12 21:40:35.060,0.3980961176632813,0.3697790548531264,False
55,22,D,668,-73.96527,40.76313,2025-06-12 21:20:35.060,2025-06-12 21:40:35.060,0.3697790548531264,0.27427156349304394,False
55,23,P,670,-73.960405,40.818299,2025-06-12 21:54:41.926,2025-06-12 22:14:41.926,0.27427156349304394,0.24846173581474404,False
55,24,D,670,-73.96699104,40.804213,2025-06-12 21:54:41.926,2025-06-12 22:14:41.926,0.24846173581474404,0.15111487325819004,False
55,25,DEPOT,-1,-73.9915,40.751,,,0.15111487325819004,0.15111487325819004,False
56,0,DEPOT,-1,-73.9915,40.751,,,0.45637231286305135,0.402502054559162,False
56,1,P,681,-73.98085795,40.7208736,2025-06-12 05:09:27.889,2025-06-12 05:29:27.889,0.402502054559162,0.3547628363465544,False
56,2,D,681,-74.01658354,40.7153379,2025-06-12 05:09:27.889,2025-06-12 05:29:27.889,0.3547628363465544,0.2668879575084364,False
56,3,P,683,-73.98486793041229,40.76017739537783,2025-06-12 06:44:32.076,2025-06-12 07:04:32.076,0.2668879575084364,0.24946762124832234,False
56,4,D,683,-73.97209525108337,40.76302594280519,2025-06-12 06:44:32.076,2025-06-12 07:04:32.076,0.24946762124832234,0.2143618840038256,False
56,5,P,675,-73.98562431335449,40.78057799010334,2025-06-12 07:04:11.018,2025-06-12 07:24:11.018,0.2143618840038256,0.1927120476018369,False
56,6,D,675,-73.988639,40.768254,2025-06-12 07:04:11.018,2025-06-12 07:24:11.018,0.1927120476018369,0.15680484203715578,False
56,7,P,673,-73.98490707,40.74765947,2025-06-12 09:42:57.528,2025-06-12 10:02:57.528,0.15680484203715578,0.0836887431943443,False
56,8,D,673,-73.97757,40.789622,2025-06-12 09:42:57.528,2025-06-12 10:02:57.528,0.6,0.5246230982613638,True
56,9,P,679,-73.971822,40.746202,2025-06-12 14:31:38.439,2025-06-12 14:51:38.439,0.5246230982613638,0.49499079487121606,False
56,10,D,679,-73.9900262,40.75640548,2025-06-12 14:31:38.439,2025-06-12 14:51:38.439,0.49499079487121606,0.38768137612043363,False
56,11,P,682,-73.9452087,40.808442,2025-06-12 15:52:16.332,2025-06-12 16:12:16.332,0.38768137612043363,0.3608521082783242,False
56,12,D,682,-73.937413,40.82281,2025-06-12 15:52:16.332,2025-06-12 16:12:16.332,0.3608521082783242,0.17037740528233425,False
56,13,P,677,-73.98016555,40.71739973,2025-06-12 17:12:12.934,2025-06-12 17:32:12.934,0.17037740528233425,0.14549221413501962,False
56,14,D,677,-73.99879,40.72028,2025-06-12 17:12:12.934,2025-06-12 17:32:12.934,0.14549221413501962,0.10366864734927247,False
56,15,P,676,-73.98160636425018,40.74069317733043,2025-06-12 17:43:49.539,2025-06-12 18:03:49.539,0.10366864734927247,0.08126355996691098,False
56,16,D,676,-73.98713956,40.7284186,2025-06-12 17:43:49.539,2025-06-12 18:03:49.539,0.6,0.4739741807765239,True
56,17,P,674,-73.94329,40.79338,2025-06-12 19:16:40.908,2025-06-12 19:36:40.908,0.4739741807765239,0.4365701945251117,False
56,18,D,674,-73.971888,40.7937704,2025-06-12 19:16:40.908,2025-06-12 19:36:40.908,0.4365701945251117,0.3242519333164657,False
56,19,P,678,-73.9865979552269,40.72970805644994,2025-06-12 22:43:30.975,2025-06-12 23:03:30.975,0.3242519333164657,0.28058431290393365,False
56,20,D,678,-74.01587963104248,40.71759894980997,2025-06-12 22:43:30.975,2025-06-12 23:03:30.975,0.28058431290393365,0.214653024313674,False
56,21,DEPOT,-1,-73.9915,40.751,,,0.214653024313674,0.214653024313674,False
57,0,DEPOT,-1,-73.9915,40.751,,,0.47943565115010767,0.4407509740225055,False
57,1,P,684,-73.99810231,40.72917025,2025-06-11 23:59:36.394,2025-06-12 00:19:36.394,0.4407509740225055,0.4100737251898155,False
57,2,D,684,-74.01587963104248,40.71759894980997,2025-06-11 23:59:36.394,2025-06-12 00:19:36.394,0.4100737251898155,0.3415977904174535,False
57,3,P,694,-73.98765428,40.75097711,2025-06-12 08:33:09.782,2025-06-12 08:53:09.782,0.3415977904174535,0.32501844183022977,False
57,4,D,694,-73.97805914282799,40.75724567911726,2025-06-12 08:33:09.782,2025-06-12 08:53:09.782,0.32501844183022977,0.3102719418789917,False
57,5,P,689,-73.98192338,40.7652654,2025-06-12 10:11:28.202,2025-06-12 10:31:28.202,0.3102719418789917,0.2633398117200264,False
57,6,D,689,-73.955327,40.7835016,2025-06-12 10:11:28.202,2025-06-12 10:31:28.202,0.2633398117200264,0.15692956573055522,False
57,7,P,690,-73.98131668567657,40.7251285241158,2025-06-12 12:26:02.722,2025-06-12 12:46:02.722,0.15692956573055522,0.14070321783250234,False
57,8,D,690,-73.98802084,40.7172274,2025-06-12 12:26:02.722,2025-06-12 12:46:02.722,0.6,0.5084487659101662,True
57,9,P,692,-73.9819684624672,40.77003010255044,2025-06-12 16:19:26.563,2025-06-12 16:39:26.563,0.5084487659101662,0.4895734285234959,False
57,10,D,692,-73.97648516,40.75992262,2025-06-12 16:19:26.563,2025-06-12 16:39:26.563,0.4895734285234959,0.4620502797491717,False
57,11,P,686,-73.9960889518261,40.75414519263519,2025-06-12 16:32:49.648,2025-06-12 16:52:49.648,0.4620502797491717,0.4287801704730261,False
57,12,D,686,-73.972628,40.761573,2025-06-12 16:32:49.648,2025-06-12 16:52:49.648,0.4287801704730261,0.2967874346322069,False
57,13,P,688,-74.015936,40.692566,2025-06-12 17:05:30.859,2025-06-12 17:25:30.859,0.2967874346322069,0.2967874346322069,False
57,14,D,688,-74.015936,40.692566,2025-06-12 17:05:30.859,2025-06-12 17:25:30.859,0.2967874346322069,0.2542263689082003,False
57,15,P,687,-74.00234482,40.71494807,2025-06-12 17:19:18.775,2025-06-12 17:39:18.775,0.2542263689082003,0.24938707159107487,False
57,16,D,687,-74.0046073,40.71273266,2025-06-12 17:19:18.775,2025-06-12 17:39:18.775,0.24938707159107487,0.12369337145680201,False
57,17,P,691,-73.9590097,40.77677702,2025-06-12 18:30:49.384,2025-06-12 18:50:49.384,0.12369337145680201,0.09938263278936542,False
57,18,D,691,-73.971518,40.766368,2025-06-12 18:30:49.384,2025-06-12 18:50:49.384,0.6,0.5300720882162535,True
57,19,P,685,-74.00026394,40.73224119,2025-06-12 19:12:07.078,2025-06-12 19:32:07.078,0.5300720882162535,0.5072537001052392,False
57,20,D,685,-73.98286700248718,40.73139303364151,2025-06-12 19:12:07.078,2025-06-12 19:32:07.078,0.5072537001052392,0.3254511238447093,False
57,21,P,695,-73.942386,40.832081,2025-06-12 23:06:09.764,2025-06-12 23:26:09.764,0.3254511238447093,0.31094415424431604,False
57,22,D,695,-73.937044,40.839443,2025-06-12 23:06:09.764,2025-06-12 23:26:09.764,0.31094415424431604,0.1423918650047461,False
57,23,DEPOT,-1,-73.9915,40.751,,,0.1423918650047461,0.1423918650047461,False
58,0,DEPOT,-1,-73.9915,40.751,,,0.389357369606808,0.3217904707481117,False
58,1,P,707,-74.01122331619263,40.71485150526251,2025-06-12 06:28:22.192,2025-06-12 06:48:22.192,0.3217904707481117,0.3124813866544487,False
58,2,D,707,-74.0103006362915,40.72019521437465,2025-06-12 06:28:22.192,2025-06-12 06:48:22.192,0.3124813866544487,0.27588803045204185,False
58,3,P,706,-73.98265913128853,40.72334683218016,2025-06-12 07:36:13.053,2025-06-12 07:56:13.053,0.27588803045204185,0.26086254273462817,False
58,4,D,706,-73.99075269699097,40.72951496224949,2025-06-12 07:36:13.053,2025-06-12 07:56:13.053,0.26086254273462817,0.16284834891931582,False
58,5,P,704,-73.97667321,40.78524672,2025-06-12 14:30:47.723,2025-06-12 14:50:47.723,0.16284834891931582,0.14685030748755304,False
58,6,D,704,-73.971888,40.7937704,2025-06-12 14:30:47.723,2025-06-12 14:50:47.723,0.6,0.46657587064489187,True
58,7,P,700,-74.0106,40.72231,2025-06-12 15:58:10.455,2025-06-12 16:18:10.455,0.46657587064489187,0.45186260015118757,False
58,8,D,700,-73.99949601,40.72362738,2025-06-12 15:58:10.455,2025-06-12 16:18:10.455,0.45186260015118757,0.4435742948492499,False
58,9,P,697,-74.00247214,40.71939226,2025-06-12 16:37:54.347,2025-06-12 16:57:54.347,0.4435742948492499,0.42842199850459817,False
58,10,D,697,-73.99510189890862,40.72615604980408,2025-06-12 16:37:54.347,2025-06-12 16:57:54.347,0.42842199850459817,0.37520702593143085,False
58,11,P,701,-73.99971440439913,40.75676475086503,2025-06-12 18:10:12.219,2025-06-12 18:30:12.219,0.37520702593143085,0.36416586564768477,False
58,12,P,699,-73.99177,40.75461,2025-06-12 18:04:44.504,2025-06-12 18:24:44.504,0.36416586564768477,0.3448248451346958,False
58,13,D,699,-73.98268129,40.76344058,2025-06-12 18:04:44.504,2025-06-12 18:24:44.504,0.3448248451346958,0.31505447479783716,False
58,14,D,701,-73.97728532552719,40.7801839724239,2025-06-12 18:10:12.219,2025-06-12 18:30:12.219,0.31505447479783716,0.2695108026289902,False
58,15,P,698,-73.957145,40.801694,2025-06-12 19:03:05.663,2025-06-12 19:23:05.663,0.2695108026289902,0.25128991912390164,False
58,16,D,698,-73.94776493310928,40.80949534777948,2025-06-12 19:03:05.663,2025-06-12 19:23:05.663,0.25128991912390164,0.1964032936229907,False
58,17,P,696,-73.95772073,40.77862688,2025-06-12 20:26:08.785,2025-06-12 20:46:08.785,0.1964032936229907,0.18614482654668532,False
58,18,D,696,-73.96222088,40.773763,2025-06-12 20:26:08.785,2025-06-12 20:46:08.785,0.18614482654668532,0.1470435907794003,False
58,19,P,703,-73.99061728,40.76669671,2025-06-12 21:19:15.906,2025-06-12 21:39:15.906,0.1470435907794003,0.10032041326951555,False
58,20,D,703,-73.97289,40.79018,2025-06-12 21:19:15.906,2025-06-12 21:39:15.906,0.6,0.5315312602099709,True
58,21,P,702,-73.978326,40.750756,2025-06-12 23:10:27.923,2025-06-12 23:30:27.923,0.5315312602099709,0.5140319852999208,False
58,22,D,702,-73.96592976,40.75455731,2025-06-12 23:10:27.923,2025-06-12 23:30:27.923,0.5140319852999208,0.4800134259623048,False
58,23,DEPOT,-1,-73.9915,40.751,,,0.4800134259623048,0.4800134259623048,False
59,0,DEPOT,-1,-73.9915,40.751,,,0.3840513154425544,0.30079454188930316,False
59,1,P,713,-74.00926027,40.7047177,2025-06-12 06:28:38.805,2025-06-12 06:48:38.805,0.30079454188930316,0.2971322039033691,False
59,2,D,713,-74.01167797,40.70365182,2025-06-12 06:28:38.805,2025-06-12 06:48:38.805,0.2971322039033691,0.09608706355645433,False
59,3,P,711,-73.94776493310928,40.80949534777948,2025-06-12 07:35:05.780,2025-06-12 07:55:05.780,0.09608706355645433,0.09608706355645433,False
59,4,D,711,-73.94776493310928,40.80949534777948,2025-06-12 07:35:05.780,2025-06-12 07:55:05.780,0.6,0.4443953082433001,True
59,5,P,719,-73.98783413,40.72467721,2025-06-12 07:58:07.590,2025-06-12 08:18:07.590,0.4443953082433001,0.439668767919994,False
59,6,D,719,-73.98840844631195,40.72737869323223,2025-06-12 07:58:07.590,2025-06-12 08:18:07.590,0.439668767919994,0.4150070554599889,False
59,7,P,714,-73.98160636425018,40.74069317733043,2025-06-12 09:44:50.223,2025-06-12 10:04:50.223,0.4150070554599889,0.3803583486059974,False
59,8,D,714,-73.97793172,40.72082834,2025-06-12 09:44:50.223,2025-06-12 10:04:50.223,0.3803583486059974,0.35306166180318693,False
59,9,P,718,-73.99400398,40.71076228,2025-06-12 10:17:28.539,2025-06-12 10:37:28.539,0.35306166180318693,0.3389062410001479,False
59,10,D,718,-73.99596,40.718822,2025-06-12 10:17:28.539,2025-06-12 10:37:28.539,0.3389062410001479,0.2998958688484361,False
59,11,P,712,-74.001702,40.740983,2025-06-12 10:19:34.497,2025-06-12 10:39:34.497,0.2998958688484361,0.29060881579032444,False
59,12,D,712,-74.005141,40.745686,2025-06-12 10:19:34.497,2025-06-12 10:39:34.497,0.29060881579032444,0.1978465038375585,False
59,13,P,715,-73.9488134,40.778301,2025-06-12 11:51:45.299,2025-06-12 12:11:45.299,0.1978465038375585,0.190950758215486,False
59,14,D,715,-73.95407149,40.77801203,2025-06-12 11:51:45.299,2025-06-12 12:11:45.299,0.190950758215486,0.14584822190006738,False
59,15,P,710,-73.98268129,40.76344058,2025-06-12 17:00:21.534,2025-06-12 17:20:21.534,0.14584822190006738,0.13057133495456835,False
59,16,D,710,-73.974235,40.757334,2025-06-12 17:00:21.534,2025-06-12 17:20:21.534,0.13057133495456835,0.093977603123144,False
59,17,P,716,-73.98288594,40.77748046,2025-06-12 18:06:41.489,2025-06-12 18:26:41.489,0.093977603123144,0.07572664667850929,False
59,18,D,716,-73.98169333,40.76695317,2025-06-12 18:06:41.489,2025-06-12 18:26:41.489,0.6,0.5696027527238695,True
59,19,DEPOT,-1,-73.9915,40.751,,,0.5696027527238695,0.5696027527238695,False
60,0,DEPOT,-1,-73.9915,40.751,,,0.5003646219759991,0.4576068393737466,False
60,1,P,728,-73.98978041,40.7262807,2025-06-12 01:42:37.745,2025-06-12 02:02:37.745,0.4576068393737466,0.43004806995309974,False
60,2,D,728,-73.983293,40.741459,2025-06-12 01:42:37.745,2025-06-12 02:02:37.745,0.43004806995309974,0.41610884566685835,False
60,3,P,720,-73.99238967,40.73726186,2025-06-12 08:29:20.148,2025-06-12 08:49:20.148,0.41610884566685835,0.39396761097777977,False
60,4,D,720,-74.005141,40.745686,2025-06-12 08:29:20.148,2025-06-12 08:49:20.148,0.39396761097777977,0.27671083067312924,False
60,5,P,730,-73.9441232,40.7954121,2025-06-12 09:30:00.596,2025-06-12 09:50:00.596,0.27671083067312924,0.26405026379288793,False
60,6,D,730,-73.9500739,40.8011939,2025-06-12 09:30:00.596,2025-06-12 09:50:00.596,0.26405026379288793,0.21515273290395032,False
60,7,P,731,-73.9786517,40.7829391,2025-06-12 13:48:18.471,2025-06-12 14:08:18.471,0.21515273290395032,0.20498390454928395,False
60,8,D,731,-73.97898475,40.7770575,2025-06-12 13:48:18.471,2025-06-12 14:08:18.471,0.20498390454928395,0.11020735745571524,False
60,9,P,726,-74.00165855884552,40.72494672359416,2025-06-12 15:47:56.803,2025-06-12 16:07:56.803,0.11020735745571524,0.09165460536614438,False
60,10,D,726,-73.99800419,40.73532427,2025-06-12 15:47:56.803,2025-06-12 16:07:56.803,0.6,0.5017687007460648,True
60,11,P,723,-73.94446054,40.77518615,2025-06-12 17:18:23.146,2025-06-12 17:38:23.146,0.5017687007460648,0.48828276411131777,False
60,12,D,723,-73.95407149,40.77801203,2025-06-12 17:18:23.146,2025-06-12 17:38:23.146,0.48828276411131777,0.3858863854757057,False
60,13,P,727,-74.00363802909851,40.73213896287381,2025-06-12 18:46:55.443,2025-06-12 19:06:55.443,0.3858863854757057,0.37821923451964734,False
60,14,D,727,-74.00536268949507,40.72789701409023,2025-06-12 18:46:55.443,2025-06-12 19:06:55.443,0.37821923451964734,0.3510358566194682,False
60,15,P,729,-73.99726235,40.74238787,2025-06-12 21:18:34.915,2025-06-12 21:38:34.915,0.3510358566194682,0.31599844612855754,False
60,16,D,729,-73.99724900722504,40.722103786686034,2025-06-12 21:18:34.915,2025-06-12 21:38:34.915,0.31599844612855754,0.16210532548656537,False
60,17,P,721,-73.934499,40.797459,2025-06-12 23:23:57.027,2025-06-12 23:43:57.027,0.16210532548656537,0.15095328870971084,False
60,18,D,721,-73.9419949,40.8005385,2025-06-12 23:23:57.027,2025-06-12 23:43:57.027,0.6,0.49268991916075583,True
60,19,DEPOT,-1,-73.9915,40.751,,,0.49268991916075583,0.49268991916075583,False
61,0,DEPOT,-1,-73.9915,40.751,,,0.4589302032900578,0.39394024415993867,False
61,1,P,733,-73.981095,40.714211,2025-06-12 09:18:18.459,2025-06-12 09:38:18.459,0.39394024415993867,0.3834822777838611,False
61,2,D,733,-73.98802084,40.7172274,2025-06-12 09:18:18.459,2025-06-12 09:38:18.459,0.3834822777838611,0.3662673323377814,False
61,3,P,734,-73.97668709,40.72228087,2025-06-12 14:12:57.583,2025-06-12 14:32:57.583,0.3662673323377814,0.3602904959604229,False
61,4,D,734,-73.98085795,40.7208736,2025-06-12 14:12:57.583,2025-06-12 14:32:57.583,0.3602904959604229,0.308697754662762,False
61,5,P,742,-74.00681753,40.74334935,2025-06-12 16:45:08.416,2025-06-12 17:05:08.416,0.308697754662762,0.2775162799169477,False
61,6,D,742,-73.98303529,40.74444921,2025-06-12 16:45:08.416,2025-06-12 17:05:08.416,0.2775162799169477,0.22685004698443056,False
61,7,P,743,-74.00771779,40.72185379,2025-06-12 18:18:49.508,2025-06-12 18:38:49.508,0.22685004698443056,0.18574025928079876,False
61,8,D,743,-73.99915362,40.74475148,2025-06-12 18:18:49.508,2025-06-12 18:38:49.508,0.18574025928079876,0.16789809728283026,False
61,9,P,736,-73.990134,40.737006,2025-06-12 18:25:28.707,2025-06-12 18:45:28.707,0.16789809728283026,0.1432466119694564,False
61,10,D,736,-73.99480012,40.72317958,2025-06-12 18:25:28.707,2025-06-12 18:45:28.707,0.6,0.5099132560026207,True
61,11,P,741,-73.98918695747852,40.77515953434235,2025-06-12 19:04:57.899,2025-06-12 19:24:57.899,0.5099132560026207,0.49215848068698975,False
61,12,D,741,-73.98313522338867,40.765959181657976,2025-06-12 19:04:57.899,2025-06-12 19:24:57.899,0.49215848068698975,0.4708401025520808,False
61,13,P,738,-73.98888587951659,40.777507027547976,2025-06-12 19:38:23.729,2025-06-12 19:58:23.729,0.4708401025520808,0.4578658574593703,False
61,14,D,738,-73.97898475,40.7770575,2025-06-12 19:38:23.729,2025-06-12 19:58:23.729,0.4578658574593703,0.43005219376540726,False
61,15,P,739,-73.96224617958069,40.76712840349542,2025-06-12 20:25:52.040,2025-06-12 20:45:52.040,0.43005219376540726,0.41342193917028697,False
61,16,D,739,-73.972628,40.761573,2025-06-12 20:25:52.040,2025-06-12 20:45:52.040,0.41342193917028697,0.37905416995140406,False
61,17,P,740,-73.99884222,40.76030096,2025-06-12 20:35:58.902,2025-06-12 20:55:58.902,0.37905416995140406,0.3752236692177877,False
61,18,D,740,-73.996975,40.762009,2025-06-12 20:35:58.902,2025-06-12 20:55:58.902,0.3752236692177877,0.3549028477316121,False
61,19,DEPOT,-1,-73.9915,40.751,,,0.3549028477316121,0.3549028477316121,False
62,0,DEPOT,-1,-73.9915,40.751,,,0.4786995823610496,0.4413717473035406,False
62,1,P,755,-74.00711384,40.73291553,2025-06-12 08:41:25.621,2025-06-12 09:01:25.621,0.4413717473035406,0.424318743857639,False
62,2,D,755,-73.99662137031554,40.72706363348306,2025-06-12 08:41:25.621,2025-06-12 09:01:25.621,0.424318743857639,0.41057762948021403,False
62,3,P,752,-73.98616880178452,40.72633085971696,2025-06-12 09:08:08.914,2025-06-12 09:28:08.914,0.41057762948021403,0.4074687550471212,False
62,4,D,752,-73.98379855,40.72621788,2025-06-12 09:08:08.914,2025-06-12 09:28:08.914,0.4074687550471212,0.4036081026790337,False
62,5,P,745,-73.98185424,40.72453734,2025-06-12 09:32:20.484,2025-06-12 09:52:20.484,0.4036081026790337,0.36917891245053824,False
62,6,D,745,-73.98303529,40.74444921,2025-06-12 09:32:20.484,2025-06-12 09:52:20.484,0.36917891245053824,0.3357298944119859,False
62,7,P,753,-73.98131668567657,40.7251285241158,2025-06-12 11:05:29.471,2025-06-12 11:25:29.471,0.3357298944119859,0.32576017540426533,False
62,8,D,753,-73.986274,40.720747,2025-06-12 11:05:29.471,2025-06-12 11:25:29.471,0.32576017540426533,0.31540423126506595,False
62,9,P,746,-73.99316132068634,40.71779817737835,2025-06-12 12:58:44.346,2025-06-12 13:18:44.346,0.31540423126506595,0.3007409790427431,False
62,10,D,746,-74.00016545,40.71117416,2025-06-12 12:58:44.346,2025-06-12 13:18:44.346,0.3007409790427431,0.1817696975134782,False
62,11,P,749,-73.96222088,40.773763,2025-06-12 14:05:26.042,2025-06-12 14:25:26.042,0.1817696975134782,0.1493293456749543,False
62,12,D,749,-73.974235,40.757334,2025-06-12 14:05:26.042,2025-06-12 14:25:26.042,0.1493293456749543,0.10180535257358272,False
62,13,P,751,-74.007756,40.746745,2025-06-12 16:16:42.771,2025-06-12 16:36:42.771,0.10180535257358272,0.08614542529606052,False
62,14,D,751,-73.99726235,40.74238787,2025-06-12 16:16:42.771,2025-06-12 16:36:42.771,0.08614542529606052,0.06157590214907329,False
62,15,P,750,-73.9979009,40.75660359,2025-06-12 16:29:57.718,2025-06-12 16:49:57.718,0.6,0.5409986901903989,True
62,16,D,750,-73.97283406,40.78499979,2025-06-12 16:29:57.718,2025-06-12 16:49:57.718,0.5409986901903989,0.49257322614085397,False
62,17,P,754,-73.97805914282799,40.75724567911726,2025-06-12 16:52:34.821,2025-06-12 17:12:34.821,0.49257322614085397,0.48028192728353514,False
62,18,D,754,-73.98268129,40.76344058,2025-06-12 16:52:34.821,2025-06-12 17:12:34.821,0.48028192728353514,0.42492454677236385,False
62,19,P,748,-73.98286700248718,40.73139303364151,2025-06-12 20:09:47.189,2025-06-12 20:29:47.189,0.42492454677236385,0.3906074120496017,False
62,20,D,748,-73.970127,40.7487575,2025-06-12 20:09:47.189,2025-06-12 20:29:47.189,0.3906074120496017,0.33262595887452523,False
62,21,P,744,-73.99949601,40.72362738,2025-06-12 20:55:40.520,2025-06-12 21:15:40.520,0.33262595887452523,0.32188771537254324,False
62,22,D,744,-73.999573,40.717411,2025-06-12 20:55:40.520,2025-06-12 21:15:40.520,0.32188771537254324,0.2629139104369647,False
62,23,DEPOT,-1,-73.9915,40.751,,,0.2629139104369647,0.2629139104369647,False
63,0,DEPOT,-1,-73.9915,40.751,,,0.5206497600573653,0.5127629993406282,False
63,1,P,764,-73.99516761302948,40.75462324029105,2025-06-12 06:40:38.969,2025-06-12 07:00:38.969,0.5127629993406282,0.4962204968042669,False
63,2,D,764,-73.98486793041229,40.76017739537783,2025-06-12 06:40:38.969,2025-06-12 07:00:38.969,0.4962204968042669,0.4460108738386197,False
63,3,P,757,-74.00483091,40.73535398,2025-06-12 07:47:43.359,2025-06-12 08:07:43.359,0.4460108738386197,0.4281072409562181,False
63,4,D,757,-73.99662137031554,40.72706363348306,2025-06-12 07:47:43.359,2025-06-12 08:07:43.359,0.4281072409562181,0.3545020883616005,False
63,5,P,759,-73.97037800510203,40.764752828526326,2025-06-12 09:57:17.680,2025-06-12 10:17:17.680,0.3545020883616005,0.33921861360615013,False
63,6,D,759,-73.98169333,40.76695317,2025-06-12 09:57:17.680,2025-06-12 10:17:17.680,0.33921861360615013,0.3319886941518456,False
63,7,P,760,-73.97634151,40.76590936,2025-06-12 14:15:45.789,2025-06-12 14:35:45.789,0.3319886941518456,0.316921961693205,False
63,8,D,760,-73.974235,40.757334,2025-06-12 14:15:45.789,2025-06-12 14:35:45.789,0.316921961693205,0.26503591505142604,False
63,9,P,761,-74.00831580162048,40.74198159994023,2025-06-12 15:12:10.282,2025-06-12 15:32:10.282,0.26503591505142604,0.22177082776022197,False
63,10,D,761,-74.01587963104248,40.71759894980997,2025-06-12 15:12:10.282,2025-06-12 15:32:10.282,0.22177082776022197,0.12460691373613617,False
63,11,P,762,-73.97209525108337,40.76302594280519,2025-06-12 17:01:29.447,2025-06-12 17:21:29.447,0.6,0.5334447665254587,True
63,12,D,762,-74.00697,40.73498,2025-06-12 17:01:29.447,2025-06-12 17:21:29.447,0.5334447665254587,0.44784299483487,False
63,13,P,767,-73.96060712,40.7699426,2025-06-12 18:31:00.187,2025-06-12 18:51:00.187,0.44784299483487,0.4314914131943179,False
63,14,D,767,-73.95407149,40.77801203,2025-06-12 18:31:00.187,2025-06-12 18:51:00.187,0.4314914131943179,0.37851089175744473,False
63,15,P,766,-73.97121414,40.75022392,2025-06-12 18:59:31.710,2025-06-12 19:19:31.710,0.37851089175744473,0.3369726723707386,False
63,16,D,766,-74.002950346,40.749717753,2025-06-12 18:59:31.710,2025-06-12 19:19:31.710,0.3369726723707386,0.29990404835500406,False
63,17,P,756,-73.99968780577183,40.72840059450829,2025-06-12 20:05:03.263,2025-06-12 20:25:03.263,0.29990404835500406,0.283478449695884,False
63,18,D,756,-73.98713956,40.7284186,2025-06-12 20:05:03.263,2025-06-12 20:25:03.263,0.283478449695884,0.22833061282786482,False
63,19,P,758,-73.9912551,40.76019252,2025-06-12 20:27:22.791,2025-06-12 20:47:22.791,0.22833061282786482,0.2147610046515726,False
63,20,D,758,-73.98316936,40.75527307,2025-06-12 20:27:22.791,2025-06-12 20:47:22.791,0.2147610046515726,0.17054442982713264,False
63,21,P,765,-74.00618026,40.73652889,2025-06-12 22:11:56.032,2025-06-12 22:31:56.032,0.17054442982713264,0.14198131503109354,False
63,22,D,765,-73.9946848154068,40.7505853470215,2025-06-12 22:11:56.032,2025-06-12 22:31:56.032,0.14198131503109354,0.13775271510967102,False
63,23,DEPOT,-1,-73.9915,40.751,,,0.13775271510967102,0.13775271510967102,False
64,0,DEPOT,-1,-73.9915,40.751,,,0.493290847200124,0.41770551406222406,False
64,1,P,772,-73.94963040947914,40.78115276427915,2025-06-12 05:26:36.582,2025-06-12 05:46:36.582,0.41770551406222406,0.39213242811582194,False
64,2,D,772,-73.95348296,40.76663814,2025-06-12 05:26:36.582,2025-06-12 05:46:36.582,0.39213242811582194,0.28274944558424453,False
64,3,P,778,-74.0103006362915,40.72019521437465,2025-06-12 13:17:34.550,2025-06-12 13:37:34.550,0.28274944558424453,0.27344036149058154,False
64,4,D,778,-74.01122331619263,40.71485150526251,2025-06-12 13:17:34.550,2025-06-12 13:37:34.550,0.27344036149058154,0.22601765983208802,False
64,5,P,769,-73.99852573871613,40.74056423633952,2025-06-12 13:21:49.447,2025-06-12 13:41:49.447,0.22601765983208802,0.2051920097095715,False
64,6,D,769,-73.98805,40.74964,2025-06-12 13:21:49.447,2025-06-12 13:41:49.447,0.2051920097095715,0.19152292186990605,False
64,7,P,773,-73.97896572947502,40.75354681867074,2025-06-12 13:54:35.950,2025-06-12 14:14:35.950,0.19152292186990605,0.12755020098627523,False
64,8,D,773,-73.99596,40.718822,2025-06-12 13:54:35.950,2025-06-12 14:14:35.950,0.6,0.5276549667129957,True
64,9,P,775,-73.974235,40.757334,2025-06-12 15:10:09.719,2025-06-12 15:30:09.719,0.5276549667129957,0.496104336765235,False
64,10,D,775,-73.95348296,40.76663814,2025-06-12 15:10:09.719,2025-06-12 15:30:09.719,0.496104336765235,0.39860105866875245,False
64,11,P,776,-73.981095,40.714211,2025-06-12 15:37:40.664,2025-06-12 15:57:40.664,0.39860105866875245,0.3623945947811697,False
64,12,D,776,-74.00613,40.70531,2025-06-12 15:37:40.664,2025-06-12 15:57:40.664,0.3623945947811697,0.35381367038498907,False
64,13,P,768,-74.01043382,40.70905623,2025-06-12 16:53:39.258,2025-06-12 17:13:39.258,0.35381367038498907,0.32542492195331674,False
64,14,D,768,-73.99724900722504,40.722103786686034,2025-06-12 16:53:39.258,2025-06-12 17:13:39.258,0.32542492195331674,0.32069425321669526,False
64,15,P,771,-73.99565293,40.72456089,2025-06-12 18:04:59.179,2025-06-12 18:24:59.179,0.32069425321669526,0.31010939776042634,False
64,16,D,771,-73.98997825,40.72019576,2025-06-12 18:04:59.179,2025-06-12 18:24:59.179,0.31010939776042634,0.2779330802176566,False
64,17,P,779,-73.97809472,40.736502,2025-06-12 19:10:00.993,2025-06-12 19:30:00.993,0.2779330802176566,0.26699683878756,False
64,18,D,779,-73.983293,40.741459,2025-06-12 19:10:00.993,2025-06-12 19:30:00.993,0.26699683878756,0.23586397922878058,False
64,19,P,774,-73.99968780577183,40.72840059450829,2025-06-12 19:42:44.238,2025-06-12 20:02:44.238,0.23586397922878058,0.23123307185214592,False
64,20,D,774,-73.99662137031554,40.72706363348306,2025-06-12 19:42:44.238,2025-06-12 20:02:44.238,0.23123307185214592,0.20745471408396973,False
64,21,P,777,-73.98990025,40.71427487,2025-06-12 22:05:58.536,2025-06-12 22:25:58.536,0.20745471408396973,0.2017921482994619,False
64,22,D,777,-73.98802084,40.7172274,2025-06-12 22:05:58.536,2025-06-12 22:25:58.536,0.2017921482994619,0.14327808864344957,False
64,23,DEPOT,-1,-73.9915,40.751,,,0.14327808864344957,0.14327808864344957,False
65,0,DEPOT,-1,-73.9915,40.751,,,0.4762516741381791,0.4589196676953954,False
65,1,P,784,-73.98255,40.758397,2025-06-12 07:51:23.793,2025-06-12 08:11:23.793,0.4589196676953954,0.4492516077765363,False
65,2,D,784,-73.98788205,40.76227205,2025-06-12 07:51:23.793,2025-06-12 08:11:23.793,0.4492516077765363,0.4146795979864834,False
65,3,P,788,-73.96224617958069,40.76712840349542,2025-06-12 08:48:21.137,2025-06-12 09:08:21.137,0.4146795979864834,0.39810758350530256,False
65,4,D,788,-73.96603308,40.75797322,2025-06-12 08:48:21.137,2025-06-12 09:08:21.137,0.39810758350530256,0.35528352879631125,False
65,5,P,783,-73.95987510681152,40.78232260730881,2025-06-12 10:32:22.651,2025-06-12 10:52:22.651,0.35528352879631125,0.3289292673444357,False
65,6,D,783,-73.97757,40.789622,2025-06-12 10:32:22.651,2025-06-12 10:52:22.651,0.3289292673444357,0.2665886029391858,False
65,7,P,781,-73.97896572947502,40.75354681867074,2025-06-12 11:07:48.507,2025-06-12 11:27:48.507,0.2665886029391858,0.2404689522920904,False
65,8,D,781,-73.99839279,40.7500727,2025-06-12 11:07:48.507,2025-06-12 11:27:48.507,0.2404689522920904,0.2157930159151072,False
65,9,P,787,-74.000939,40.735918,2025-06-12 11:42:00.345,2025-06-12 12:02:00.345,0.2157930159151072,0.19236811637814755,False
65,10,D,787,-73.99480012,40.72317958,2025-06-12 11:42:00.345,2025-06-12 12:02:00.345,0.19236811637814755,0.12361545598490437,False
65,11,P,785,-73.97982001304626,40.76132983124814,2025-06-12 12:10:58.794,2025-06-12 12:30:58.794,0.12361545598490437,0.07092396129639877,False
65,12,D,785,-73.946041,40.7779453,2025-06-12 12:10:58.794,2025-06-12 12:30:58.794,0.6,0.5744314843366296,True
65,13,P,780,-73.9614,40.76879,2025-06-12 14:57:32.191,2025-06-12 15:17:32.191,0.5744314843366296,0.5291539053226106,False
65,14,D,780,-73.971888,40.7937704,2025-06-12 14:57:32.191,2025-06-12 15:17:32.191,0.5291539053226106,0.3888375359407298,False
65,15,P,791,-74.00650128722191,40.71688538495366,2025-06-12 17:38:40.539,2025-06-12 17:58:40.539,0.3888375359407298,0.3740142806152085,False
65,16,D,791,-73.99949601,40.72362738,2025-06-12 17:38:40.539,2025-06-12 17:58:40.539,0.3740142806152085,0.3269319802540853,False
65,17,P,790,-73.97449783980846,40.74322681432173,2025-06-12 19:27:05.780,2025-06-12 19:47:05.780,0.3269319802540853,0.31707279420411866,False
65,18,D,790,-73.97973776,40.73912601,2025-06-12 19:27:05.780,2025-06-12 19:47:05.780,0.31707279420411866,0.3028640655722607,False
65,19,P,786,-73.97121214,40.744219,2025-06-12 19:56:10.210,2025-06-12 20:16:10.210,0.3028640655722607,0.25852240905856366,False
65,20,D,786,-73.9614,40.76879,2025-06-12 19:56:10.210,2025-06-12 20:16:10.210,0.25852240905856366,0.154254653512438,False
65,21,P,789,-74.00666661,40.71911552,2025-06-12 21:38:00.279,2025-06-12 21:58:00.279,0.154254653512438,0.12798458485486094,False
65,22,D,789,-73.99490341544151,40.73143724085228,2025-06-12 21:38:00.279,2025-06-12 21:58:00.279,0.12798458485486094,0.0939008486816201,False
65,23,DEPOT,-1,-73.9915,40.751,,,0.0939008486816201,0.0939008486816201,False
66,0,DEPOT,-1,-73.9915,40.751,,,0.4774335037565368,0.45736113462370276,False
66,1,P,799,-74.005141,40.745686,2025-06-12 08:15:21.463,2025-06-12 08:35:21.463,0.45736113462370276,0.44965202004184995,False
66,2,D,799,-74.00004031,40.74345335,2025-06-12 08:15:21.463,2025-06-12 08:35:21.463,0.44965202004184995,0.4016967671554973,False
66,3,P,801,-73.98802084,40.7172274,2025-06-12 09:29:38.967,2025-06-12 09:49:38.967,0.4016967671554973,0.38017285032920306,False
66,4,D,801,-73.99075269699097,40.72951496224949,2025-06-12 09:29:38.967,2025-06-12 09:49:38.967,0.38017285032920306,0.37193419466300803,False
66,5,P,794,-73.99213135242462,40.72486122254819,2025-06-12 10:55:47.287,2025-06-12 11:15:47.287,0.37193419466300803,0.34861669135282486,False
66,6,D,794,-74.00650128722191,40.71688538495366,2025-06-12 10:55:47.287,2025-06-12 11:15:47.287,0.34861669135282486,0.15344250059457615,False
66,7,P,802,-73.955857,40.823168,2025-06-12 13:26:27.264,2025-06-12 13:46:27.264,0.15344250059457615,0.1409573338606016,False
66,8,D,802,-73.950426,40.829114,2025-06-12 13:26:27.264,2025-06-12 13:46:27.264,0.1409573338606016,0.10416973869612173,False
66,9,P,795,-73.949373,40.8078316,2025-06-12 13:44:10.644,2025-06-12 14:04:10.644,0.10416973869612173,0.08166213201984687,False
66,10,D,795,-73.941057,40.819241,2025-06-12 13:44:10.644,2025-06-12 14:04:10.644,0.6,0.5283713965667569,True
66,11,P,798,-73.946041,40.7779453,2025-06-12 13:59:30.862,2025-06-12 14:19:30.862,0.5283713965667569,0.5178667409058939,False
66,12,D,798,-73.95407149,40.77801203,2025-06-12 13:59:30.862,2025-06-12 14:19:30.862,0.5178667409058939,0.4647999409189467,False
66,13,P,796,-73.992573,40.768333,2025-06-12 14:22:13.032,2025-06-12 14:42:13.032,0.4647999409189467,0.437021666257979,False
66,14,D,796,-73.996765,40.752568,2025-06-12 14:22:13.032,2025-06-12 14:42:13.032,0.437021666257979,0.3821621887927176,False
66,15,P,792,-73.95818491,40.76500525,2025-06-12 15:27:37.763,2025-06-12 15:47:37.763,0.3821621887927176,0.3506007931907885,False
66,16,D,792,-73.97374737,40.77896784,2025-06-12 15:27:37.763,2025-06-12 15:47:37.763,0.3506007931907885,0.21135560466394487,False
66,17,P,797,-74.01167797,40.70365182,2025-06-12 16:29:03.566,2025-06-12 16:49:03.566,0.21135560466394487,0.15387524507635758,False
66,18,D,797,-74.000939,40.735918,2025-06-12 16:29:03.566,2025-06-12 16:49:03.566,0.15387524507635758,0.14213077591031195,False
66,19,P,803,-73.992085,40.734814,2025-06-12 22:57:53.758,2025-06-12 23:17:53.758,0.14213077591031195,0.12277682994932765,False
66,20,D,803,-73.98215353488922,40.74311555376486,2025-06-12 22:57:53.758,2025-06-12 23:17:53.758,0.12277682994932765,0.10447170930981232,False
66,21,DEPOT,-1,-73.9915,40.751,,,0.10447170930981232,0.10447170930981232,False
67,0,DEPOT,-1,-73.9915,40.751,,,0.42382952059314855,0.3724157263363962,False
67,1,P,808,-73.98093044757842,40.77966809007312,2025-06-12 08:23:40.385,2025-06-12 08:43:40.385,0.3724157263363962,0.3437640958488382,False
67,2,D,808,-73.978434,40.763189,2025-06-12 08:23:40.385,2025-06-12 08:43:40.385,0.3437640958488382,0.2940506263528551,False
67,3,P,807,-73.992949,40.736592,2025-06-12 09:21:21.016,2025-06-12 09:41:21.016,0.2940506263528551,0.2722643665995107,False
67,4,D,807,-74.00747358798981,40.74275382865903,2025-06-12 09:21:21.016,2025-06-12 09:41:21.016,0.2722643665995107,0.230245628747408,False
67,5,P,806,-73.977706,40.751873,2025-06-12 11:51:17.936,2025-06-12 12:11:17.936,0.230245628747408,0.21222117508876379,False
67,6,D,806,-73.972628,40.761573,2025-06-12 11:51:17.936,2025-06-12 12:11:17.936,0.21222117508876379,0.17298553452987542,False
67,7,P,812,-73.98093133,40.78339981,2025-06-12 12:55:25.446,2025-06-12 13:15:25.446,0.17298553452987542,0.16514749912123533,False
67,8,D,812,-73.98562431335449,40.78057799010334,2025-06-12 12:55:25.446,2025-06-12 13:15:25.446,0.16514749912123533,0.0731823105786851,False
67,9,P,813,-73.98840844631195,40.72737869323223,2025-06-12 14:49:37.313,2025-06-12 15:09:37.313,0.6,0.5777887005808976,True
67,10,D,813,-74.00536268949507,40.72789701409023,2025-06-12 14:49:37.313,2025-06-12 15:09:37.313,0.5777887005808976,0.5680337741732736,False
67,11,P,804,-73.99810231,40.72917025,2025-06-12 15:11:08.664,2025-06-12 15:31:08.664,0.5680337741732736,0.5137038682722687,False
67,12,D,804,-73.9912551,40.76019252,2025-06-12 15:11:08.664,2025-06-12 15:31:08.664,0.5137038682722687,0.47077008966570477,False
67,13,P,815,-73.99431,40.735445,2025-06-12 18:22:11.217,2025-06-12 18:42:11.217,0.47077008966570477,0.44258019234666807,False
67,14,D,815,-73.98517977,40.72066442,2025-06-12 18:22:11.217,2025-06-12 18:42:11.217,0.44258019234666807,0.3798124108612564,False
67,15,P,805,-73.982631,40.756951,2025-06-12 18:49:50.376,2025-06-12 19:09:50.376,0.3798124108612564,0.36532933980236726,False
67,16,D,805,-73.98805,40.74964,2025-06-12 18:49:50.376,2025-06-12 19:09:50.376,0.36532933980236726,0.3220823867445837,False
67,17,P,814,-73.98131668567657,40.7251285241158,2025-06-12 19:47:11.137,2025-06-12 20:07:11.137,0.3220823867445837,0.2933392613000324,False
67,18,D,814,-74.00214988,40.73038599,2025-06-12 19:47:11.137,2025-06-12 20:07:11.137,0.2933392613000324,0.1846700047647349,False
67,19,P,810,-73.9521667,40.7806284,2025-06-12 20:36:01.817,2025-06-12 20:56:01.817,0.1846700047647349,0.17541378268042143,False
67,20,D,810,-73.946041,40.7779453,2025-06-12 20:36:01.817,2025-06-12 20:56:01.817,0.17541378268042143,0.09989311102016207,False
67,21,DEPOT,-1,-73.9915,40.751,,,0.09989311102016207,0.09989311102016207,False
68,0,DEPOT,-1,-73.9915,40.751,,,0.36647174525926723,0.26871341761005957,False
68,1,P,825,-73.9489397406578,40.79752078124755,2025-06-12 08:50:22.520,2025-06-12 09:10:22.520,0.26871341761005957,0.23286739909540233,False
68,2,D,825,-73.950988,40.818215,2025-06-12 08:50:22.520,2025-06-12 09:10:22.520,0.23286739909540233,0.10826576813255873,False
68,3,P,823,-73.98338988,40.75038009,2025-06-12 10:29:04.169,2025-06-12 10:49:04.169,0.6,0.5464504534254429,True
68,4,D,823,-74.00314,40.72323,2025-06-12 10:29:04.169,2025-06-12 10:49:04.169,0.5464504534254429,0.5050771587286619,False
68,5,P,817,-74.00821,40.746872,2025-06-12 10:47:23.437,2025-06-12 11:07:23.437,0.5050771587286619,0.4599527886359944,False
68,6,D,817,-73.99724900722504,40.722103786686034,2025-06-12 10:47:23.437,2025-06-12 11:07:23.437,0.4599527886359944,0.4407327970305365,False
68,7,P,826,-73.98265913128853,40.72334683218016,2025-06-12 12:09:56.287,2025-06-12 12:29:56.287,0.4407327970305365,0.404770247854888,False
68,8,D,826,-73.97449783980846,40.74322681432173,2025-06-12 12:09:56.287,2025-06-12 12:29:56.287,0.404770247854888,0.375500835207231,False
68,9,P,822,-73.96759673,40.75934501,2025-06-12 12:55:32.884,2025-06-12 13:15:32.884,0.375500835207231,0.36620450846937935,False
68,10,D,822,-73.96094022,40.7612274,2025-06-12 12:55:32.884,2025-06-12 13:15:32.884,0.36620450846937935,0.31004965076976926,False
68,11,P,821,-74.002353,40.752694,2025-06-12 15:38:37.484,2025-06-12 15:58:37.484,0.31004965076976926,0.3027344210323914,False
68,12,D,821,-73.996765,40.752568,2025-06-12 15:38:37.484,2025-06-12 15:58:37.484,0.3027344210323914,0.2657451228289641,False
68,13,P,820,-73.97209525108337,40.76302594280519,2025-06-12 17:07:47.091,2025-06-12 17:27:47.091,0.2657451228289641,0.19097126228842295,False
68,14,D,820,-73.964928,40.805973,2025-06-12 17:07:47.091,2025-06-12 17:27:47.091,0.6,0.44730767259631415,True
68,15,P,827,-73.9949,40.72054,2025-06-12 18:14:16.152,2025-06-12 18:34:16.152,0.44730767259631415,0.4265281674649074,False
68,16,D,827,-74.0106,40.72231,2025-06-12 18:14:16.152,2025-06-12 18:34:16.152,0.4265281674649074,0.3591312163253767,False
68,17,P,816,-74.00277668,40.76087502,2025-06-12 19:03:00.169,2025-06-12 19:23:00.169,0.3591312163253767,0.29705376523982746,False
68,18,D,816,-74.00165855884552,40.72494672359416,2025-06-12 19:03:00.169,2025-06-12 19:23:00.169,0.29705376523982746,0.06185507811073826,False
68,19,P,818,-73.937854,40.852252,2025-06-12 20:46:51.760,2025-06-12 21:06:51.760,0.6,0.5959921202971511,True
68,20,D,818,-73.938423,40.849972,2025-06-12 20:46:51.760,2025-06-12 21:06:51.760,0.5959921202971511,0.41148407385500074,False
68,21,DEPOT,-1,-73.9915,40.751,,,0.41148407385500074,0.41148407385500074,False
69,0,DEPOT,-1,-73.9915,40.751,,,0.45171065173879604,0.43299150720205754,False
69,1,P,831,-73.99884222,40.76030096,2025-06-12 06:04:05.194,2025-06-12 06:24:05.194,0.43299150720205754,0.3755059917060247,False
69,2,D,831,-73.99662137031554,40.72706363348306,2025-06-12 06:04:05.194,2025-06-12 06:24:05.194,0.3755059917060247,0.33609759113282706,False
69,3,P,828,-74.016538,40.709957,2025-06-12 06:40:37.439,2025-06-12 07:00:37.439,0.33609759113282706,0.31661833149375174,False
69,4,D,828,-74.0103006362915,40.72019521437465,2025-06-12 06:40:37.439,2025-06-12 07:00:37.439,0.31661833149375174,0.28168503841770204,False
69,5,P,837,-74.0052741765976,40.74005708567285,2025-06-12 07:32:17.845,2025-06-12 07:52:17.845,0.28168503841770204,0.2364931637976082,False
69,6,D,837,-74.01658354,40.7153379,2025-06-12 07:32:17.845,2025-06-12 07:52:17.845,0.2364931637976082,0.19962228830162093,False
69,7,P,830,-74.00293877,40.73401143,2025-06-12 07:59:27.215,2025-06-12 08:19:27.215,0.19962228830162093,0.18747174679316797,False
69,8,D,830,-74.001702,40.740983,2025-06-12 07:59:27.215,2025-06-12 08:19:27.215,0.18747174679316797,0.14402307489134714,False
69,9,P,838,-73.970127,40.7487575,2025-06-12 09:19:27.163,2025-06-12 09:39:27.163,0.14402307489134714,0.13629152659498797,False
69,10,D,838,-73.97032517,40.75323098,2025-06-12 09:19:27.163,2025-06-12 09:39:27.163,0.13629152659498797,0.10526287238440055,False
69,11,P,833,-73.993934,40.751551,2025-06-12 10:55:07.818,2025-06-12 11:15:07.818,0.10526287238440055,0.08288446650981672,False
69,12,D,833,-73.977601,40.755393,2025-06-12 10:55:07.818,2025-06-12 11:15:07.818,0.6,0.550352627161054,True
69,13,P,836,-73.95068615,40.77565541,2025-06-12 14:49:47.587,2025-06-12 15:09:47.587,0.550352627161054,0.5407569705596644,False
69,14,D,836,-73.94963040947914,40.78115276427915,2025-06-12 14:49:47.587,2025-06-12 15:09:47.587,0.5407569705596644,0.5246148711531171,False
69,15,P,829,-73.95033068,40.7904828,2025-06-12 15:13:12.880,2025-06-12 15:33:12.880,0.5246148711531171,0.5204414726596112,False
69,16,D,829,-73.95249933,40.7922553,2025-06-12 15:13:12.880,2025-06-12 15:33:12.880,0.5204414726596112,0.3766116250312491,False
69,17,P,832,-74.010065,40.721319,2025-06-12 17:15:24.149,2025-06-12 17:35:24.149,0.3766116250312491,0.3493643266931595,False
69,18,D,832,-74.000271,40.735238,2025-06-12 17:15:24.149,2025-06-12 17:35:24.149,0.3493643266931595,0.3452800503369535,False
69,19,P,839,-74.00293877,40.73401143,2025-06-12 17:57:26.864,2025-06-12 18:17:26.864,0.3452800503369535,0.32120619071254075,False
69,20,D,839,-74.0005722643582,40.74783260583772,2025-06-12 17:57:26.864,2025-06-12 18:17:26.864,0.32120619071254075,0.2663378273047874,False
69,21,P,835,-74.01322069,40.71754834,2025-06-12 18:33:57.338,2025-06-12 18:53:57.338,0.2663378273047874,0.21540069699046197,False
69,22,D,835,-74.007756,40.746745,2025-06-12 18:33:57.338,2025-06-12 18:53:57.338,0.21540069699046197,0.16907856160410745,False
69,23,P,834,-73.98175925016403,40.72854745023944,2025-06-12 19:53:28.701,2025-06-12 20:13:28.701,0.16907856160410745,0.14945586150529722,False
69,24,D,834,-73.99662137031554,40.72706363348306,2025-06-12 19:53:28.701,2025-06-12 20:13:28.701,0.14945586150529722,0.10756995739224198,False
69,25,DEPOT,-1,-73.9915,40.751,,,0.10756995739224198,0.10756995739224198,False
70,0,DEPOT,-1,-73.9915,40.751,,,0.4050627812921011,0.3400222464106463,False
70,1,P,847,-73.95772073,40.77862688,2025-06-12 08:08:56.100,2025-06-12 08:28:56.100,0.3400222464106463,0.2935317175768972,False
70,2,D,847,-73.97498696,40.75510267,2025-06-12 08:08:56.100,2025-06-12 08:28:56.100,0.2935317175768972,0.2783620736639692,False
70,3,P,841,-73.98658032,40.75513557,2025-06-12 08:51:10.189,2025-06-12 09:11:10.189,0.2783620736639692,0.2631924297510412,False
70,4,D,841,-73.97498696,40.75510267,2025-06-12 08:51:10.189,2025-06-12 09:11:10.189,0.2631924297510412,0.21964656102887106,False
70,5,P,845,-73.99011,40.732647,2025-06-12 11:54:54.164,2025-06-12 12:14:54.164,0.21964656102887106,0.2020526240796918,False
70,6,D,845,-73.97973776,40.73912601,2025-06-12 11:54:54.164,2025-06-12 12:14:54.164,0.2020526240796918,0.11500962752707722,False
70,7,P,842,-73.95482444378061,40.78585105291389,2025-06-12 14:16:35.360,2025-06-12 14:36:35.360,0.11500962752707722,0.08165788592362576,False
70,8,D,842,-73.954692,40.805159,2025-06-12 14:16:35.360,2025-06-12 14:36:35.360,0.6,0.512215334685679,True
70,9,P,840,-73.967641,40.755293,2025-06-12 17:10:39.068,2025-06-12 17:30:39.068,0.512215334685679,0.479120689869664,False
70,10,D,840,-73.9916,40.749156,2025-06-12 17:10:39.068,2025-06-12 17:30:39.068,0.479120689869664,0.45655525734635677,False
70,11,P,843,-73.97805914282799,40.75724567911726,2025-06-12 17:38:45.359,2025-06-12 17:58:45.359,0.45655525734635677,0.449050688473075,False
70,12,D,843,-73.98316936,40.75527307,2025-06-12 17:38:45.359,2025-06-12 17:58:45.359,0.449050688473075,0.3665421054253999,False
70,13,P,851,-74.01047229766846,40.71221958009051,2025-06-12 18:53:40.896,2025-06-12 19:13:40.896,0.3665421054253999,0.3417138440434353,False
70,14,D,851,-74.00165855884552,40.72494672359416,2025-06-12 18:53:40.896,2025-06-12 19:13:40.896,0.3417138440434353,0.31760630708678955,False
70,15,P,850,-73.98426726,40.72953837,2025-06-12 19:04:13.912,2025-06-12 19:24:13.912,0.31760630708678955,0.3133781616652822,False
70,16,D,850,-73.98713956,40.7284186,2025-06-12 19:04:13.912,2025-06-12 19:24:13.912,0.3133781616652822,0.2207973015724309,False
70,17,P,849,-73.96069399,40.7781314,2025-06-12 20:36:35.302,2025-06-12 20:56:35.302,0.2207973015724309,0.17950486906375318,False
70,18,D,849,-73.96592976,40.75455731,2025-06-12 20:36:35.302,2025-06-12 20:56:35.302,0.17950486906375318,0.13173661010027105,False
70,19,P,844,-74.002353,40.752694,2025-06-12 23:41:55.786,2025-06-13 00:01:55.786,0.13173661010027105,0.11909361534743815,False
70,20,D,844,-74.005141,40.745686,2025-06-12 23:41:55.786,2025-06-13 00:01:55.786,0.11909361534743815,0.09902124621460409,False
70,21,DEPOT,-1,-73.9915,40.751,,,0.09902124621460409,0.09902124621460409,False
71,0,DEPOT,-1,-73.9915,40.751,,,0.44579101518217357,0.3849530047730277,False
71,1,P,863,-73.97137,40.78275,2025-06-12 06:32:36.361,2025-06-12 06:52:36.361,0.3849530047730277,0.33504414863217974,False
71,2,D,863,-73.98316936,40.75527307,2025-06-12 06:32:36.361,2025-06-12 06:52:36.361,0.33504414863217974,0.2971293016159738,False
71,3,P,862,-74.0026376103,40.7390169121,2025-06-12 07:50:41.079,2025-06-12 08:10:41.079,0.2971293016159738,0.29323888285816674,False
71,4,D,862,-74.0052741765976,40.74005708567285,2025-06-12 07:50:41.079,2025-06-12 08:10:41.079,0.29323888285816674,0.2665725858913237,False
71,5,P,855,-73.98509,40.73795,2025-06-12 08:18:55.790,2025-06-12 08:38:55.790,0.2665725858913237,0.24889349552464055,False
71,6,D,855,-73.99726235,40.74238787,2025-06-12 08:18:55.790,2025-06-12 08:38:55.790,0.24889349552464055,0.22804584552821822,False
71,7,P,860,-73.98194829,40.7457121,2025-06-12 08:44:43.655,2025-06-12 09:04:43.655,0.22804584552821822,0.21396111151876407,False
71,8,D,860,-73.97896572947502,40.75354681867074,2025-06-12 08:44:43.655,2025-06-12 09:04:43.655,0.21396111151876407,0.19053048435249986,False
71,9,P,852,-73.98169333,40.76695317,2025-06-12 08:48:07.034,2025-06-12 09:08:07.034,0.19053048435249986,0.1536205978783523,False
71,10,D,852,-73.95348296,40.76663814,2025-06-12 08:48:07.034,2025-06-12 09:08:07.034,0.1536205978783523,0.10942386175256832,False
71,11,P,859,-73.97667321,40.78524672,2025-06-12 11:42:44.287,2025-06-12 12:02:44.287,0.10942386175256832,0.07935894030717404,False
71,12,D,859,-73.9664492472,40.8008363,2025-06-12 11:42:44.287,2025-06-12 12:02:44.287,0.6,0.5430477693070703,True
71,13,P,858,-73.9819684624672,40.77003010255044,2025-06-12 13:59:47.953,2025-06-12 14:19:47.953,0.5430477693070703,0.4754059137647922,False
71,14,D,858,-73.9559308,40.8038654,2025-06-12 13:59:47.953,2025-06-12 14:19:47.953,0.4754059137647922,0.3670420166288212,False
71,15,P,853,-73.98855723,40.7462009,2025-06-12 14:55:09.888,2025-06-12 15:15:09.888,0.3670420166288212,0.33966260923507824,False
71,16,D,853,-73.99852205,40.73226398,2025-06-12 14:55:09.888,2025-06-12 15:15:09.888,0.33966260923507824,0.31744884746007745,False
71,17,P,854,-73.99144871,40.74395411,2025-06-12 16:05:29.303,2025-06-12 16:25:29.303,0.31744884746007745,0.29586075888411256,False
71,18,D,854,-73.9900262,40.75640548,2025-06-12 16:05:29.303,2025-06-12 16:25:29.303,0.29586075888411256,0.2206582189228013,False
71,19,P,861,-74.00562789,40.71450451,2025-06-12 19:29:57.397,2025-06-12 19:49:57.397,0.2206582189228013,0.1776983535068244,False
71,20,D,861,-73.99238967,40.73726186,2025-06-12 19:29:57.397,2025-06-12 19:49:57.397,0.1776983535068244,0.08640079727573886,False
71,21,P,857,-73.9747,40.78839,2025-06-12 21:45:50.209,2025-06-12 22:05:50.209,0.08640079727573886,0.08250679754896632,False
71,22,D,857,-73.97289,40.79018,2025-06-12 21:45:50.209,2025-06-12 22:05:50.209,0.6,0.5280774790893926,True
71,23,DEPOT,-1,-73.9915,40.751,,,0.5280774790893926,0.5280774790893926,False
72,0,DEPOT,-1,-73.9915,40.751,,,0.5392146453863148,0.48070058573030244,False
72,1,P,865,-73.98802084,40.7172274,2025-06-12 08:54:05.210,2025-06-12 09:14:05.210,0.48070058573030244,0.48070058573030244,False
72,2,D,865,-73.98802084,40.7172274,2025-06-12 08:54:05.210,2025-06-12 09:14:05.210,0.48070058573030244,0.47224045233981704,False
72,3,P,873,-73.989111,40.722055,2025-06-12 12:01:45.091,2025-06-12 12:21:45.091,0.47224045233981704,0.4158290320778502,False
72,4,D,873,-73.99937599897385,40.75377336836039,2025-06-12 12:01:45.091,2025-06-12 12:21:45.091,0.4158290320778502,0.22525154268085854,False
72,5,P,866,-73.93441,40.852538,2025-06-12 12:59:00.188,2025-06-12 13:19:00.188,0.22525154268085854,0.21736310654742166,False
72,6,D,866,-73.93022,40.84925,2025-06-12 12:59:00.188,2025-06-12 13:19:00.188,0.21736310654742166,0.20731502503036947,False
72,7,P,868,-73.933651,40.844044,2025-06-12 15:33:33.533,2025-06-12 15:53:33.533,0.20731502503036947,0.16384677231048522,False
72,8,D,868,-73.947868,40.821294,2025-06-12 15:33:33.533,2025-06-12 15:53:33.533,0.16384677231048522,0.07652676662122293,False
72,9,P,867,-73.96685276,40.77282817,2025-06-12 16:10:55.509,2025-06-12 16:30:55.509,0.6,0.547064959309004,True
72,10,D,867,-73.9946848154068,40.7505853470215,2025-06-12 16:10:55.509,2025-06-12 16:30:55.509,0.547064959309004,0.5166333276818016,False
72,11,P,870,-73.978434,40.763189,2025-06-12 17:43:35.136,2025-06-12 18:03:35.136,0.5166333276818016,0.5063555130975238,False
72,12,D,870,-73.97805914282799,40.75724567911726,2025-06-12 17:43:35.136,2025-06-12 18:03:35.136,0.5063555130975238,0.4793860455023475,False
72,13,P,871,-73.992573,40.768333,2025-06-12 17:55:51.831,2025-06-12 18:15:51.831,0.4793860455023475,0.43713984512091925,False
72,14,D,871,-73.962658,40.759125,2025-06-12 17:55:51.831,2025-06-12 18:15:51.831,0.43713984512091925,0.4015333862347541,False
72,15,P,864,-73.98765428,40.75097711,2025-06-12 18:16:19.938,2025-06-12 18:36:19.938,0.4015333862347541,0.33121383173561675,False
72,16,D,864,-73.955327,40.7835016,2025-06-12 18:16:19.938,2025-06-12 18:36:19.938,0.33121383173561675,0.25778867485741774,False
72,17,DEPOT,-1,-73.9915,40.751,,,0.25778867485741774,0.25778867485741774,False
73,0,DEPOT,-1,-73.9915,40.751,,,0.40912729203172155,0.33360662037146216,False
73,1,P,883,-73.946041,40.7779453,2025-06-12 07:03:15.481,2025-06-12 07:23:15.481,0.33360662037146216,0.31178367355109565,False
73,2,D,883,-73.95348296,40.76663814,2025-06-12 07:03:15.481,2025-06-12 07:23:15.481,0.31178367355109565,0.22929197547378993,False
73,3,P,884,-73.95324736833572,40.814394437915816,2025-06-12 08:12:17.363,2025-06-12 08:32:17.363,0.22929197547378993,0.2220617861990456,False
73,4,D,884,-73.950988,40.818215,2025-06-12 08:12:17.363,2025-06-12 08:32:17.363,0.2220617861990456,0.10225754317863511,False
73,5,P,881,-73.977706,40.751873,2025-06-12 09:32:49.415,2025-06-12 09:52:49.415,0.10225754317863511,0.08674382907001603,False
73,6,D,881,-73.97449783980846,40.74322681432173,2025-06-12 09:32:49.415,2025-06-12 09:52:49.415,0.6,0.5285305944244904,True
73,7,P,882,-74.01113051087516,40.71254669463547,2025-06-12 16:53:03.882,2025-06-12 17:13:03.882,0.5285305944244904,0.5059033818692937,False
73,8,D,882,-73.99596,40.718822,2025-06-12 16:53:03.882,2025-06-12 17:13:03.882,0.5059033818692937,0.3948170512655625,False
73,9,P,876,-73.94989233,40.7728384,2025-06-12 17:12:46.139,2025-06-12 17:32:46.139,0.3948170512655625,0.3843410468022564,False
73,10,D,876,-73.95407149,40.77801203,2025-06-12 17:12:46.139,2025-06-12 17:32:46.139,0.3843410468022564,0.3297137772287982,False
73,11,P,886,-73.939182,40.80756,2025-06-12 18:03:14.402,2025-06-12 18:23:14.402,0.3297137772287982,0.26101928296139376,False
73,12,D,886,-73.97728532552719,40.7801839724239,2025-06-12 18:03:14.402,2025-06-12 18:23:14.402,0.26101928296139376,0.17634149534301038,False
73,13,P,885,-73.9853024482727,40.73153937464073,2025-06-12 18:44:24.434,2025-06-12 19:04:24.434,0.17634149534301038,0.1545221892149925,False
73,14,D,885,-74.000939,40.735918,2025-06-12 18:44:24.434,2025-06-12 19:04:24.434,0.1545221892149925,0.07894376685508213,False
73,15,P,877,-73.98288594,40.77748046,2025-06-12 21:41:02.076,2025-06-12 22:01:02.076,0.6,0.5746572469142385,True
73,16,D,877,-73.98917958140373,40.76360467795863,2025-06-12 21:41:02.076,2025-06-12 22:01:02.076,0.5746572469142385,0.5238349334134009,False
73,17,P,887,-73.986923,40.734232,2025-06-12 22:25:55.515,2025-06-12 22:45:55.515,0.5238349334134009,0.5193321515271124,False
73,18,D,887,-73.98473765,40.73624527,2025-06-12 22:25:55.515,2025-06-12 22:45:55.515,0.5193321515271124,0.4923530044738093,False
73,19,DEPOT,-1,-73.9915,40.751,,,0.4923530044738093,0.4923530044738093,False
74,0,DEPOT,-1,-73.9915,40.751,,,0.37224357575470385,0.35601327772880925,False
74,1,P,889,-73.99461843,40.76009437,2025-06-12 09:38:52.603,2025-06-12 09:58:52.603,0.35601327772880925,0.32971943191706343,False
74,2,P,898,-73.977706,40.751873,2025-06-12 09:44:04.823,2025-06-12 10:04:04.823,0.32971943191706343,0.32762636857887745,False
74,3,D,889,-73.978326,40.750756,2025-06-12 09:38:52.603,2025-06-12 09:58:52.603,0.32762636857887745,0.30621792485057703,False
74,4,D,898,-73.9946848154068,40.7505853470215,2025-06-12 09:44:04.823,2025-06-12 10:04:04.823,0.30621792485057703,0.2665633117786826,False
74,5,P,888,-73.98047178983688,40.73031071000895,2025-06-12 12:13:57.554,2025-06-12 12:33:57.554,0.2665633117786826,0.2572435054848283,False
74,6,D,888,-73.98713956,40.7284186,2025-06-12 12:13:57.554,2025-06-12 12:33:57.554,0.2572435054848283,0.22841046024810466,False
74,7,P,894,-74.00887,40.73115,2025-06-12 12:20:43.814,2025-06-12 12:40:43.814,0.22841046024810466,0.21232119558801305,False
74,8,D,894,-74.0052741765976,40.74005708567285,2025-06-12 12:20:43.814,2025-06-12 12:40:43.814,0.21232119558801305,0.19512275050241537,False
74,9,P,896,-74.00214988,40.73038599,2025-06-12 12:34:23.223,2025-06-12 12:54:23.223,0.19512275050241537,0.15898650341238277,False
74,10,D,896,-73.97455215454102,40.72984830346529,2025-06-12 12:34:23.223,2025-06-12 12:54:23.223,0.15898650341238277,0.13373858612789272,False
74,11,P,891,-73.97966069,40.74394314,2025-06-12 13:33:20.963,2025-06-12 13:53:20.963,0.13373858612789272,0.09101376336452621,False
74,12,D,891,-73.98178024,40.71926081,2025-06-12 13:33:20.963,2025-06-12 13:53:20.963,0.6,0.4386947603186441,True
74,13,P,890,-73.9452087,40.808442,2025-06-12 14:54:34.833,2025-06-12 15:14:34.833,0.4386947603186441,0.4309546629970224,False
74,14,D,890,-73.93973,40.81014,2025-06-12 14:54:34.833,2025-06-12 15:14:34.833,0.4309546629970224,0.23702943321072054,False
74,15,P,899,-74.009447,40.711066,2025-06-12 16:01:32.281,2025-06-12 16:21:32.281,0.23702943321072054,0.22097444174797504,False
74,16,D,899,-74.0052238852195,40.7197920901383,2025-06-12 16:01:32.281,2025-06-12 16:21:32.281,0.22097444174797504,0.1095914494756163,False
74,17,P,893,-73.96427392959595,40.77632142182271,2025-06-12 16:41:33.644,2025-06-12 17:01:33.644,0.1095914494756163,0.07202879565699857,False
74,18,D,893,-73.97805914282799,40.75724567911726,2025-06-12 16:41:33.644,2025-06-12 17:01:33.644,0.6,0.5405844980949964,True
74,19,P,892,-74.008769094944,40.73191132323174,2025-06-12 17:40:19.463,2025-06-12 18:00:19.463,0.5405844980949964,0.5005419870141573,False
74,20,D,892,-73.98303529,40.74444921,2025-06-12 17:40:19.463,2025-06-12 18:00:19.463,0.5005419870141573,0.4766838897945096,False
74,21,P,897,-73.98849,40.73127,2025-06-12 22:52:05.660,2025-06-12 23:12:05.660,0.4766838897945096,0.4632092709962066,False
74,22,D,897,-73.97950418293476,40.72746420692392,2025-06-12 22:52:05.660,2025-06-12 23:12:05.660,0.4632092709962066,0.41962888150784633,False
74,23,DEPOT,-1,-73.9915,40.751,,,0.41962888150784633,0.41962888150784633,False
75,0,DEPOT,-1,-73.9915,40.751,,,0.4190906173246192,0.39580353386780254,False
75,1,P,909,-73.99642959237099,40.738046142482766,2025-06-12 00:50:19.846,2025-06-12 01:10:19.846,0.39580353386780254,0.35298594395401395,False
75,2,D,909,-73.99301222,40.76269882,2025-06-12 00:50:19.846,2025-06-12 01:10:19.846,0.35298594395401395,0.29730445311768444,False
75,3,P,905,-73.98286700248718,40.73139303364151,2025-06-12 08:29:01.738,2025-06-12 08:49:01.738,0.29730445311768444,0.2510936920369201,False
75,4,D,905,-73.974235,40.757334,2025-06-12 08:29:01.738,2025-06-12 08:49:01.738,0.2510936920369201,0.16671869157759323,False
75,5,P,910,-74.0091059,40.71625008,2025-06-12 09:31:50.007,2025-06-12 09:51:50.007,0.16671869157759323,0.14881158717139578,False
75,6,D,910,-73.99949601,40.72362738,2025-06-12 09:31:50.007,2025-06-12 09:51:50.007,0.14881158717139578,0.10428336822539244,False
75,7,P,900,-73.98194829,40.7457121,2025-06-12 10:29:11.457,2025-06-12 10:49:11.457,0.10428336822539244,0.07954236797539184,False
75,8,D,900,-73.97811613976955,40.75973805251143,2025-06-12 10:29:11.457,2025-06-12 10:49:11.457,0.6,0.5726421380444079,True
75,9,P,908,-73.97966069,40.74394314,2025-06-12 11:52:58.291,2025-06-12 12:12:58.291,0.5726421380444079,0.5639372833131456,False
75,10,D,908,-73.98255586624146,40.74848023448579,2025-06-12 11:52:58.291,2025-06-12 12:12:58.291,0.5639372833131456,0.5421130398221059,False
75,11,P,907,-73.99456405,40.73971301,2025-06-12 14:07:05.309,2025-06-12 14:27:05.309,0.5421130398221059,0.5115083853517792,False
75,12,D,907,-74.00314,40.72323,2025-06-12 14:07:05.309,2025-06-12 14:27:05.309,0.5115083853517792,0.47273494012361744,False
75,13,P,901,-73.99529885,40.74487634,2025-06-12 16:03:28.757,2025-06-12 16:23:28.757,0.47273494012361744,0.4628881828487934,False
75,14,D,901,-73.99839279,40.7500727,2025-06-12 16:03:28.757,2025-06-12 16:23:28.757,0.4628881828487934,0.43564046327699985,False
75,15,P,911,-73.977706,40.751873,2025-06-12 17:13:56.220,2025-06-12 17:33:56.220,0.43564046327699985,0.41067241207132765,False
75,16,D,911,-73.996765,40.752568,2025-06-12 17:13:56.220,2025-06-12 17:33:56.220,0.41067241207132765,0.330720633607044,False
75,17,P,906,-74.0135595202446,40.70806582380646,2025-06-12 20:54:05.657,2025-06-12 21:14:05.657,0.330720633607044,0.32116831360874887,False
75,18,D,906,-74.00655090808868,40.70960089363537,2025-06-12 20:54:05.657,2025-06-12 21:14:05.657,0.32116831360874887,0.24699401733588577,False
75,19,DEPOT,-1,-73.9915,40.751,,,0.24699401733588577,0.24699401733588577,False
76,0,DEPOT,-1,-73.9915,40.751,,,0.4216546891310035,0.40996714025183273,False
76,1,P,923,-73.99529885,40.74487634,2025-06-12 04:37:46.792,2025-06-12 04:57:46.792,0.40996714025183273,0.40996714025183273,False
76,2,D,923,-73.99529885,40.74487634,2025-06-12 04:37:46.792,2025-06-12 04:57:46.792,0.40996714025183273,0.38034195827468564,False
76,3,P,920,-74.00887,40.73115,2025-06-12 06:52:24.950,2025-06-12 07:12:24.950,0.38034195827468564,0.36490529996726884,False
76,4,D,920,-74.0106,40.72231,2025-06-12 06:52:24.950,2025-06-12 07:12:24.950,0.36490529996726884,0.29476009278467336,False
76,5,P,918,-73.982631,40.756951,2025-06-12 08:25:02.889,2025-06-12 08:45:02.889,0.29476009278467336,0.28249206733559545,False
76,6,D,918,-73.989539,40.752149,2025-06-12 08:25:02.889,2025-06-12 08:45:02.889,0.28249206733559545,0.2433632486155573,False
76,7,P,914,-73.99075269699097,40.72951496224949,2025-06-12 14:03:18.965,2025-06-12 14:23:18.965,0.2433632486155573,0.21948092385572815,False
76,8,D,914,-74.00887,40.73115,2025-06-12 14:03:18.965,2025-06-12 14:23:18.965,0.21948092385572815,0.19823802419897152,False
76,9,P,912,-74.00681753,40.74334935,2025-06-12 14:21:48.141,2025-06-12 14:41:48.141,0.19823802419897152,0.17621642478512206,False
76,10,D,912,-73.993934,40.751551,2025-06-12 14:21:48.141,2025-06-12 14:41:48.141,0.17621642478512206,0.1425665669325435,False
76,11,P,917,-73.988038,40.770513,2025-06-12 14:29:00.008,2025-06-12 14:49:00.008,0.1425665669325435,0.13223689987923246,False
76,12,D,917,-73.98169333,40.76695317,2025-06-12 14:29:00.008,2025-06-12 14:49:00.008,0.6,0.5074692780655785,True
76,13,P,913,-73.99293911,40.71406667,2025-06-12 15:25:07.623,2025-06-12 15:45:07.623,0.5074692780655785,0.47644166649513886,False
76,14,D,913,-73.976831,40.727243,2025-06-12 15:25:07.623,2025-06-12 15:45:07.623,0.47644166649513886,0.4124851437259782,False
76,15,P,916,-73.99884222,40.76030096,2025-06-12 18:58:21.217,2025-06-12 19:18:21.217,0.4124851437259782,0.3859810681522426,False
76,16,D,916,-73.98338988,40.75038009,2025-06-12 18:58:21.217,2025-06-12 19:18:21.217,0.3859810681522426,0.34594971747910075,False
76,17,P,919,-73.99906065,40.73047747,2025-06-12 20:30:16.868,2025-06-12 20:50:16.868,0.34594971747910075,0.3089264435802841,False
76,18,D,919,-74.005226,40.751396,2025-06-12 20:30:16.868,2025-06-12 20:50:16.868,0.3089264435802841,0.2736311424679145,False
76,19,P,922,-74.00887,40.73115,2025-06-12 22:53:18.408,2025-06-12 23:13:18.408,0.2736311424679145,0.24451150423013115,False
76,20,D,922,-74.01658354,40.7153379,2025-06-12 22:53:18.408,2025-06-12 23:13:18.408,0.24451150423013115,0.1747079394629451,False
76,21,DEPOT,-1,-73.9915,40.751,,,0.1747079394629451,0.1747079394629451,False
77,0,DEPOT,-1,-73.9915,40.751,,,0.4990024680926479,0.43307117950238827,False
77,1,P,925,-74.01587963104248,40.71759894980997,2025-06-12 00:08:14.703,2025-06-12 00:28:14.703,0.43307117950238827,0.42905833249949193,False
77,2,D,925,-74.01658354,40.7153379,2025-06-12 00:08:14.703,2025-06-12 00:28:14.703,0.42905833249949193,0.37385622675342695,False
77,3,P,934,-73.98958593606949,40.73988840858996,2025-06-12 06:03:49.850,2025-06-12 06:23:49.850,0.37385622675342695,0.33827070145051796,False
77,4,D,934,-73.98486793041229,40.76017739537783,2025-06-12 06:03:49.850,2025-06-12 06:23:49.850,0.33827070145051796,0.30691219950623855,False
77,5,P,931,-73.96094022,40.7612274,2025-06-12 10:38:02.478,2025-06-12 10:58:02.478,0.30691219950623855,0.2694492334429872,False
77,6,D,931,-73.94963040947914,40.78115276427915,2025-06-12 10:38:02.478,2025-06-12 10:58:02.478,0.2694492334429872,0.1828677062457639,False
77,7,P,928,-73.99529885,40.74487634,2025-06-12 11:10:00.652,2025-06-12 11:30:00.652,0.1828677062457639,0.16624916572492437,False
77,8,D,928,-74.007756,40.746745,2025-06-12 11:10:00.652,2025-06-12 11:30:00.652,0.16624916572492437,0.13745974565616706,False
77,9,P,926,-73.98734897375107,40.7529728216068,2025-06-12 11:36:37.345,2025-06-12 11:56:37.345,0.13745974565616706,0.09714483700116494,False
77,10,D,926,-74.00697,40.73498,2025-06-12 11:36:37.345,2025-06-12 11:56:37.345,0.09714483700116494,0.08513330066366216,False
77,11,P,927,-73.99852205,40.73226398,2025-06-12 13:58:43.306,2025-06-12 14:18:43.306,0.08513330066366216,0.08513330066366216,False
77,12,D,927,-73.99852205,40.73226398,2025-06-12 13:58:43.306,2025-06-12 14:18:43.306,0.6,0.5689882953562794,True
77,13,P,924,-73.976806,40.739445,2025-06-12 14:52:35.572,2025-06-12 15:12:35.572,0.5689882953562794,0.53607530061637,False
77,14,D,924,-73.96930575370789,40.75763227739443,2025-06-12 14:52:35.572,2025-06-12 15:12:35.572,0.53607530061637,0.48642128954640285,False
77,15,P,930,-74.00451887,40.74691959,2025-06-12 15:47:52.938,2025-06-12 16:07:52.938,0.48642128954640285,0.4545735383995696,False
77,16,D,930,-73.99546380915461,40.72980619180496,2025-06-12 15:47:52.938,2025-06-12 16:07:52.938,0.4545735383995696,0.4443154168626635,False
77,17,P,933,-73.99074142,40.73454567,2025-06-12 16:42:31.841,2025-06-12 17:02:31.841,0.4443154168626635,0.4290117840235643,False
77,18,D,933,-73.98047178983688,40.73031071000895,2025-06-12 16:42:31.841,2025-06-12 17:02:31.841,0.4290117840235643,0.39159100816482545,False
77,19,P,929,-73.977706,40.751873,2025-06-12 18:01:26.621,2025-06-12 18:21:26.621,0.39159100816482545,0.38949794482663946,False
77,20,D,929,-73.978326,40.750756,2025-06-12 18:01:26.621,2025-06-12 18:21:26.621,0.38949794482663946,0.3584080849783291,False
77,21,P,932,-74.00004031,40.74345335,2025-06-12 22:59:55.970,2025-06-12 23:19:55.970,0.3584080849783291,0.3584080849783291,False
77,22,D,932,-74.00004031,40.74345335,2025-06-12 22:59:55.970,2025-06-12 23:19:55.970,0.3584080849783291,0.3412374506450383,False
77,23,DEPOT,-1,-73.9915,40.751,,,0.3412374506450383,0.3412374506450383,False
78,0,DEPOT,-1,-73.9915,40.751,,,0.47697675199166845,0.38687217488370523,False
78,1,P,936,-73.94164802,40.7869946,2025-06-12 01:33:35.354,2025-06-12 01:53:35.354,0.38687217488370523,0.3416965625661282,False
78,2,D,936,-73.95736455917358,40.81028506306003,2025-06-12 01:33:35.354,2025-06-12 01:53:35.354,0.3416965625661282,0.21875237449478663,False
78,3,P,947,-73.99144871,40.74395411,2025-06-12 07:38:14.335,2025-06-12 07:58:14.335,0.21875237449478663,0.19794511199470485,False
78,4,D,947,-73.978326,40.750756,2025-06-12 07:38:14.335,2025-06-12 07:58:14.335,0.19794511199470485,0.1660578138073987,False
78,5,P,937,-73.99061728,40.76669671,2025-06-12 08:31:22.938,2025-06-12 08:51:22.938,0.1660578138073987,0.1387021263900853,False
78,6,D,937,-73.97896572947502,40.75354681867074,2025-06-12 08:31:22.938,2025-06-12 08:51:22.938,0.1387021263900853,0.12030597690059973,False
78,7,P,938,-73.97711,40.74299,2025-06-12 08:58:24.392,2025-06-12 09:18:24.392,0.12030597690059973,0.08943428101037777,False
78,8,D,938,-73.96759673,40.75934501,2025-06-12 08:58:24.392,2025-06-12 09:18:24.392,0.6,0.5452484269190593,True
78,9,P,944,-74.001702,40.740983,2025-06-12 09:41:47.120,2025-06-12 10:01:47.120,0.5452484269190593,0.5359613738609476,False
78,10,D,944,-74.005141,40.745686,2025-06-12 09:41:47.120,2025-06-12 10:01:47.120,0.5359613738609476,0.5038897062365835,False
78,11,P,942,-74.01129573583603,40.7277140777778,2025-06-12 10:21:34.414,2025-06-12 10:41:34.414,0.5038897062365835,0.48252146096247067,False
78,12,D,942,-73.99510189890862,40.72615604980408,2025-06-12 10:21:34.414,2025-06-12 10:41:34.414,0.48252146096247067,0.43025928232165683,False
78,13,P,946,-74.0021163,40.75594159,2025-06-12 17:31:22.319,2025-06-12 17:51:22.319,0.43025928232165683,0.42114956313692153,False
78,14,D,946,-73.996765,40.752568,2025-06-12 17:31:22.319,2025-06-12 17:51:22.319,0.42114956313692153,0.3771862615256043,False
78,15,P,943,-73.98047178983688,40.73031071000895,2025-06-12 18:29:58.576,2025-06-12 18:49:58.576,0.3771862615256043,0.36365891301243064,False
78,16,D,943,-73.99075269699097,40.72951496224949,2025-06-12 18:29:58.576,2025-06-12 18:49:58.576,0.36365891301243064,0.2567888312456089,False
78,17,P,945,-73.96680057048798,40.78866499127883,2025-06-12 20:00:41.149,2025-06-12 20:20:41.149,0.2567888312456089,0.20350812952176034,False
78,18,D,945,-73.98788205,40.76227205,2025-06-12 20:00:41.149,2025-06-12 20:20:41.149,0.20350812952176034,0.18168724142124595,False
78,19,P,939,-73.98805,40.74964,2025-06-12 22:47:33.342,2025-06-12 23:07:33.342,0.18168724142124595,0.1718183802633516,False
78,20,P,941,-73.99177,40.75461,2025-06-12 22:39:54.263,2025-06-12 22:59:54.263,0.1718183802633516,0.15733659977716502,False
78,21,D,941,-73.996975,40.762009,2025-06-12 22:39:54.263,2025-06-12 22:59:54.263,0.15733659977716502,0.1254736315785187,False
78,22,D,939,-73.972628,40.761573,2025-06-12 22:47:33.342,2025-06-12 23:07:33.342,0.1254736315785187,0.09476070254159838,False
78,23,DEPOT,-1,-73.9915,40.751,,,0.09476070254159838,0.09476070254159838,False
79,0,DEPOT,-1,-73.9915,40.751,,,0.5246186239123468,0.49018013952104666,False
79,1,P,954,-73.96759673,40.75934501,2025-06-12 06:02:28.851,2025-06-12 06:22:28.851,0.49018013952104666,0.46753412815109907,False
79,2,D,954,-73.98169333,40.76695317,2025-06-12 06:02:28.851,2025-06-12 06:22:28.851,0.46753412815109907,0.40564520253263053,False
79,3,P,956,-73.99581670761108,40.73275887045087,2025-06-12 08:00:18.429,2025-06-12 08:20:18.429,0.40564520253263053,0.3744553405708189,False
79,4,D,956,-73.97793172,40.72082834,2025-06-12 08:00:18.429,2025-06-12 08:20:18.429,0.3744553405708189,0.3623866580797568,False
79,5,P,952,-73.98379855,40.72621788,2025-06-12 12:31:52.424,2025-06-12 12:51:52.424,0.3623866580797568,0.35433875997472614,False
79,6,P,949,-73.98864984512329,40.72335597960796,2025-06-12 12:44:47.679,2025-06-12 13:04:47.679,0.35433875997472614,0.3400402111856278,False
79,7,D,952,-73.99879,40.72028,2025-06-12 12:31:52.424,2025-06-12 12:51:52.424,0.3400402111856278,0.3279836027322404,False
79,8,D,949,-73.99662137031554,40.72706363348306,2025-06-12 12:44:47.679,2025-06-12 13:04:47.679,0.3279836027322404,0.3131934308960719,False
79,9,P,957,-73.99431,40.735445,2025-06-12 14:54:13.912,2025-06-12 15:14:13.912,0.3131934308960719,0.2941937320951174,False
79,10,D,957,-73.99930492043495,40.72511734422387,2025-06-12 14:54:13.912,2025-06-12 15:14:13.912,0.2941937320951174,0.19144108983674774,False
79,11,P,959,-73.9543953537941,40.77391390238118,2025-06-12 16:18:31.879,2025-06-12 16:38:31.879,0.19144108983674774,0.1858306418895683,False
79,12,D,959,-73.95856158,40.77314236,2025-06-12 16:18:31.879,2025-06-12 16:38:31.879,0.1858306418895683,0.14740517682159904,False
79,13,P,953,-73.9851615,40.76370739,2025-06-12 16:19:04.738,2025-06-12 16:39:04.738,0.14740517682159904,0.13288175788028428,False
79,14,D,953,-73.97805914282799,40.75724567911726,2025-06-12 16:19:04.738,2025-06-12 16:39:04.738,0.13288175788028428,0.09030343383840964,False
79,15,P,948,-73.99074142,40.73454567,2025-06-12 16:38:24.811,2025-06-12 16:58:24.811,0.09030343383840964,0.06718549514089503,False
79,16,D,948,-73.99724900722504,40.722103786686034,2025-06-12 16:38:24.811,2025-06-12 16:58:24.811,0.6,0.5786652831902072,True
79,17,P,950,-74.00552427,40.71146364,2025-06-12 18:07:45.438,2025-06-12 18:27:45.438,0.5786652831902072,0.5487933189665698,False
79,18,D,950,-73.986274,40.720747,2025-06-12 18:07:45.438,2025-06-12 18:27:45.438,0.5487933189665698,0.5333087647599389,False
79,19,P,951,-73.9865979552269,40.72970805644994,2025-06-12 19:05:37.243,2025-06-12 19:25:37.243,0.5333087647599389,0.5055578408258954,False
79,20,D,951,-74.001702,40.740983,2025-06-12 19:05:37.243,2025-06-12 19:25:37.243,0.5055578408258954,0.4826223073929477,False
79,21,P,958,-73.99404649,40.72903917,2025-06-12 19:26:06.665,2025-06-12 19:46:06.665,0.4826223073929477,0.47176310735763705,False
79,22,D,958,-74.00214988,40.73038599,2025-06-12 19:26:06.665,2025-06-12 19:46:06.665,0.47176310735763705,0.4335250506445095,False
79,23,DEPOT,-1,-73.9915,40.751,,,0.4335250506445095,0.4335250506445095,False
80,0,DEPOT,-1,-73.9915,40.751,,,0.4995058434687513,0.49407717675537377,False
80,1,P,970,-73.98770570755005,40.75227093837409,2025-06-12 08:02:39.635,2025-06-12 08:22:39.635,0.49407717675537377,0.4760826546406368,False
80,2,D,970,-73.97811613976955,40.75973805251143,2025-06-12 08:02:39.635,2025-06-12 08:22:39.635,0.4760826546406368,0.4386544698969226,False
80,3,P,963,-73.98958593606949,40.73988840858996,2025-06-12 12:53:28.316,2025-06-12 13:13:28.316,0.4386544698969226,0.4211931823402295,False
80,4,D,963,-73.98255586624146,40.74848023448579,2025-06-12 12:53:28.316,2025-06-12 13:13:28.316,0.4211931823402295,0.3464161620847696,False
80,5,P,962,-73.94594,40.7817212,2025-06-12 13:34:03.289,2025-06-12 13:54:03.289,0.3464161620847696,0.27818115736347515,False
80,6,D,962,-73.978326,40.750756,2025-06-12 13:34:03.289,2025-06-12 13:54:03.289,0.27818115736347515,0.24891056239770376,False
80,7,P,960,-73.98372530937195,40.73431166276575,2025-06-12 14:09:49.296,2025-06-12 14:29:49.296,0.24891056239770376,0.1996593392132152,False
80,8,D,960,-74.01122331619263,40.71485150526251,2025-06-12 14:09:49.296,2025-06-12 14:29:49.296,0.1996593392132152,0.06913090425863913,False
80,9,P,961,-73.95772073,40.77862688,2025-06-12 15:03:26.633,2025-06-12 15:23:26.633,0.06913090425863913,0.06424093159072257,False
80,10,D,961,-73.95407149,40.77801203,2025-06-12 15:03:26.633,2025-06-12 15:23:26.633,0.6,0.5726844966646637,True
80,11,P,967,-73.94945003,40.7934337,2025-06-12 17:32:43.526,2025-06-12 17:52:43.526,0.5726844966646637,0.5726844966646637,False
80,12,D,967,-73.94945003,40.7934337,2025-06-12 17:32:43.526,2025-06-12 17:52:43.526,0.5726844966646637,0.5485452615841713,False
80,13,P,964,-73.96680057048798,40.78866499127883,2025-06-12 18:03:27.955,2025-06-12 18:23:27.955,0.5485452615841713,0.5343474173033936,False
80,14,D,964,-73.97667321,40.78524672,2025-06-12 18:03:27.955,2025-06-12 18:23:27.955,0.5343474173033936,0.5093445722555746,False
80,15,P,968,-73.96685276,40.77282817,2025-06-12 19:03:36.526,2025-06-12 19:23:36.526,0.5093445722555746,0.4786945183415142,False
80,16,D,968,-73.97805914282799,40.75724567911726,2025-06-12 19:03:36.526,2025-06-12 19:23:36.526,0.4786945183415142,0.38766747095334825,False
80,17,P,969,-74.00108054280281,40.7075188830923,2025-06-12 20:32:44.427,2025-06-12 20:52:44.427,0.38766747095334825,0.36039549029484214,False
80,18,D,969,-74.00314,40.72323,2025-06-12 20:32:44.427,2025-06-12 20:52:44.427,0.36039549029484214,0.31006623904523023,False
80,19,DEPOT,-1,-73.9915,40.751,,,0.31006623904523023,0.31006623904523023,False
81,0,DEPOT,-1,-73.9915,40.751,,,0.4453412409024148,0.4247087800288993,False
81,1,P,981,-73.97805914282799,40.75724567911726,2025-06-12 06:33:54.255,2025-06-12 06:53:54.255,0.4247087800288993,0.4180513226225625,False
81,2,D,981,-73.98042047,40.7606597,2025-06-12 06:33:54.255,2025-06-12 06:53:54.255,0.4180513226225625,0.3868924286845015,False
81,3,P,978,-73.97754961,40.7785669,2025-06-12 07:39:53.905,2025-06-12 07:59:53.905,0.3868924286845015,0.3468632847133665,False
81,4,D,978,-73.977601,40.755393,2025-06-12 07:39:53.905,2025-06-12 07:59:53.905,0.3468632847133665,0.3042993382304475,False
81,5,P,983,-73.99011,40.732647,2025-06-12 09:11:36.273,2025-06-12 09:31:36.273,0.3042993382304475,0.2912753104977985,False
81,6,D,983,-73.98175925016403,40.72854745023944,2025-06-12 09:11:36.273,2025-06-12 09:31:36.273,0.2912753104977985,0.25812230618428494,False
81,7,P,974,-73.971822,40.746202,2025-06-12 09:31:34.191,2025-06-12 09:51:34.191,0.25812230618428494,0.22271464927474116,False
81,8,D,974,-73.99839279,40.7500727,2025-06-12 09:31:34.191,2025-06-12 09:51:34.191,0.22271464927474116,0.16815567424581815,False
81,9,P,972,-74.00666661,40.71911552,2025-06-12 11:31:38.884,2025-06-12 11:51:38.884,0.16815567424581815,0.15841322379348352,False
81,10,D,972,-73.999573,40.717411,2025-06-12 11:31:38.884,2025-06-12 11:51:38.884,0.6,0.45144478628462503,True
81,11,P,979,-73.9605909006,40.7981856,2025-06-12 12:37:29.874,2025-06-12 12:57:29.874,0.45144478628462503,0.3946572679861833,False
81,12,D,979,-73.971518,40.766368,2025-06-12 12:37:29.874,2025-06-12 12:57:29.874,0.3946572679861833,0.3332753926559152,False
81,13,P,977,-73.9489397406578,40.79752078124755,2025-06-12 13:31:22.706,2025-06-12 13:51:22.706,0.3332753926559152,0.3245749629903677,False
81,14,D,977,-73.9490782,40.8025566,2025-06-12 13:31:22.706,2025-06-12 13:51:22.706,0.3245749629903677,0.2440343066460391,False
81,15,P,973,-73.98737,40.76604,2025-06-12 16:46:55.312,2025-06-12 17:06:55.312,0.2440343066460391,0.23272690715548533,False
81,16,D,973,-73.9912551,40.76019252,2025-06-12 16:46:55.312,2025-06-12 17:06:55.312,0.23272690715548533,0.21326863804612053,False
81,17,P,982,-74.002353,40.752694,2025-06-12 17:45:35.808,2025-06-12 18:05:35.808,0.21326863804612053,0.15708493283744107,False
81,18,D,982,-73.99879,40.72028,2025-06-12 17:45:35.808,2025-06-12 18:05:35.808,0.15708493283744107,0.06588100631713538,False
81,19,P,975,-73.98261428,40.77163851,2025-06-12 20:24:38.354,2025-06-12 20:44:38.354,0.6,0.5749075778027833,True
81,20,D,975,-73.996975,40.762009,2025-06-12 20:24:38.354,2025-06-12 20:44:38.354,0.5749075778027833,0.5545867563166078,False
81,21,DEPOT,-1,-73.9915,40.751,,,0.5545867563166078,0.5545867563166078,False
82,0,DEPOT,-1,-73.9915,40.751,,,0.5309442807798672,0.46019312274612206,False
82,1,P,995,-73.94803392,40.77536905,2025-06-12 06:32:02.579,2025-06-12 06:52:02.579,0.46019312274612206,0.4292843162765352,False
82,2,D,995,-73.96527,40.76313,2025-06-12 06:32:02.579,2025-06-12 06:52:02.579,0.4292843162765352,0.3954390488331996,False
82,3,P,985,-73.98288594,40.77748046,2025-06-12 07:35:14.739,2025-06-12 07:55:14.739,0.3954390488331996,0.36990229335048175,False
82,4,D,985,-73.97289,40.79018,2025-06-12 07:35:14.739,2025-06-12 07:55:14.739,0.36990229335048175,0.28633676971731764,False
82,5,P,984,-73.99529885,40.74487634,2025-06-12 08:51:04.483,2025-06-12 09:11:04.483,0.28633676971731764,0.21653720458161002,False
82,6,D,984,-74.00613,40.70531,2025-06-12 08:51:04.483,2025-06-12 09:11:04.483,0.21653720458161002,0.1805663036887477,False
82,7,P,991,-73.99565293,40.72456089,2025-06-12 09:43:59.559,2025-06-12 10:03:59.559,0.1805663036887477,0.1270588635650092,False
82,8,D,991,-73.970127,40.7487575,2025-06-12 09:43:59.559,2025-06-12 10:03:59.559,0.6,0.4900478295569464,True
82,9,P,994,-73.9612547,40.8120562,2025-06-12 11:06:16.608,2025-06-12 11:26:16.608,0.4900478295569464,0.4295140377303965,False
82,10,D,994,-73.9488134,40.778301,2025-06-12 11:06:16.608,2025-06-12 11:26:16.608,0.4295140377303965,0.33980520149259175,False
82,11,P,987,-74.00197139,40.7454973,2025-06-12 12:32:44.349,2025-06-12 12:52:44.349,0.33980520149259175,0.3319995275786919,False
82,12,D,987,-74.001702,40.740983,2025-06-12 12:32:44.349,2025-06-12 12:52:44.349,0.3319995275786919,0.29436941234767167,False
82,13,P,990,-74.0103006362915,40.72019521437465,2025-06-12 16:00:47.981,2025-06-12 16:20:47.981,0.29436941234767167,0.25431798924111537,False
82,14,D,990,-73.98175925016403,40.72854745023944,2025-06-12 16:00:47.981,2025-06-12 16:20:47.981,0.25431798924111537,0.23684970021018212,False
82,15,P,992,-73.98329859,40.71850211,2025-06-12 19:46:08.747,2025-06-12 20:06:08.747,0.23684970021018212,0.20371906089866848,False
82,16,D,992,-74.00536268949507,40.72789701409023,2025-06-12 19:46:08.747,2025-06-12 20:06:08.747,0.20371906089866848,0.14132499140585486,False
82,17,P,986,-73.99667444,40.76341379,2025-06-12 20:47:40.727,2025-06-12 21:07:40.727,0.14132499140585486,0.11817103939485465,False
82,18,D,986,-73.99839279,40.7500727,2025-06-12 20:47:40.727,2025-06-12 21:07:40.727,0.11817103939485465,0.07087308045853419,False
82,19,P,988,-74.00965965,40.72405549,2025-06-12 23:40:59.407,2025-06-13 00:00:59.407,0.6,0.5644183326533173,True
82,20,D,988,-73.99726235,40.74238787,2025-06-12 23:40:59.407,2025-06-13 00:00:59.407,0.5644183326533173,0.5477402004169931,False
82,21,DEPOT,-1,-73.9915,40.751,,,0.5477402004169931,0.5477402004169931,False
83,0,DEPOT,-1,-73.9915,40.751,,,0.3950643131806178,0.36353780300677824,False
83,1,P,996,-74.00618026,40.73652889,2025-06-12 06:23:36.464,2025-06-12 06:43:36.464,0.36353780300677824,0.3244826219230497,False
83,2,D,996,-74.01658354,40.7153379,2025-06-12 06:23:36.464,2025-06-12 06:43:36.464,0.3244826219230497,0.27345759428943117,False
83,3,P,1004,-73.99456405,40.73971301,2025-06-12 08:22:03.450,2025-06-12 08:42:03.450,0.27345759428943117,0.25737862971866965,False
83,4,D,1004,-74.0005722643582,40.74783260583772,2025-06-12 08:22:03.450,2025-06-12 08:42:03.450,0.25737862971866965,0.21272399003033507,False
83,5,P,999,-73.99724900722504,40.722103786686034,2025-06-12 08:40:24.199,2025-06-12 09:00:24.199,0.21272399003033507,0.20898312066904254,False
83,6,D,999,-73.99879,40.72028,2025-06-12 08:40:24.199,2025-06-12 09:00:24.199,0.20898312066904254,0.12468229097837143,False
83,7,P,1006,-73.9790689945221,40.7667405590595,2025-06-12 09:03:33.405,2025-06-12 09:23:33.405,0.12468229097837143,0.08787449912391844,False
83,8,D,1006,-73.95987510681152,40.78232260730881,2025-06-12 09:03:33.405,2025-06-12 09:23:33.405,0.6,0.5443730072042964,True
83,9,P,1005,-73.97896572947502,40.75354681867074,2025-06-12 11:24:17.355,2025-06-12 11:44:17.355,0.5443730072042964,0.5344401321023482,False
83,10,D,1005,-73.98255586624146,40.74848023448579,2025-06-12 11:24:17.355,2025-06-12 11:44:17.355,0.5344401321023482,0.4455299392978611,False
83,11,P,997,-73.94945003,40.7934337,2025-06-12 14:14:49.557,2025-06-12 14:34:49.557,0.4455299392978611,0.4403551810448761,False
83,12,D,997,-73.945993,40.791976,2025-06-12 14:14:49.557,2025-06-12 14:34:49.557,0.4403551810448761,0.36119263525884693,False
83,13,P,998,-73.97896572947502,40.75354681867074,2025-06-12 16:25:45.318,2025-06-12 16:45:45.318,0.36119263525884693,0.3395641196202296,False
83,14,D,998,-73.97634151,40.76590936,2025-06-12 16:25:45.318,2025-06-12 16:45:45.318,0.3395641196202296,0.314663990305982,False
83,15,P,1002,-73.9816324043,40.752062307,2025-06-12 18:29:18.971,2025-06-12 18:49:18.971,0.314663990305982,0.3103337315073595,False
83,16,D,1002,-73.97896572947502,40.75354681867074,2025-06-12 18:29:18.971,2025-06-12 18:49:18.971,0.3103337315073595,0.2875503304264413,False
83,17,P,1007,-73.98918628692627,40.74286877312112,2025-06-12 19:25:39.889,2025-06-12 19:45:39.889,0.2875503304264413,0.2807607997978123,False
83,18,D,1007,-73.99415556,40.74173969,2025-06-12 19:25:39.889,2025-06-12 19:45:39.889,0.2807607997978123,0.20220608766791315,False
83,19,P,1003,-73.97667321,40.78524672,2025-06-12 20:56:23.472,2025-06-12 21:16:23.472,0.20220608766791315,0.17744892611455668,False
83,20,D,1003,-73.98261428,40.77163851,2025-06-12 20:56:23.472,2025-06-12 21:16:23.472,0.17744892611455668,0.13995159543423324,False
83,21,DEPOT,-1,-73.9915,40.751,,,0.13995159543423324,0.13995159543423324,False
84,0,DEPOT,-1,-73.9915,40.751,,,0.3647695353581107,0.32653147864498316,False
84,1,P,1009,-74.00214988,40.73038599,2025-06-12 00:55:44.352,2025-06-12 01:15:44.352,0.32653147864498316,0.3115373116013918,False
84,2,D,1009,-73.99075269699097,40.72951496224949,2025-06-12 00:55:44.352,2025-06-12 01:15:44.352,0.3115373116013918,0.11560423864913924,False
84,3,P,1016,-73.939789,40.83618,2025-06-12 08:00:58.276,2025-06-12 08:20:58.276,0.11560423864913924,0.10776832785493978,False
84,4,D,1016,-73.942939,40.84004,2025-06-12 08:00:58.276,2025-06-12 08:20:58.276,0.6,0.3917893196442369,True
84,5,P,1011,-73.99510189890862,40.72615604980408,2025-06-12 09:07:20.406,2025-06-12 09:27:20.406,0.3917893196442369,0.3472269165535069,False
84,6,D,1011,-73.98338988,40.75038009,2025-06-12 09:07:20.406,2025-06-12 09:27:20.406,0.3472269165535069,0.21047241205231274,False
84,7,P,1012,-73.941928,40.823061,2025-06-12 09:50:15.267,2025-06-12 10:10:15.267,0.21047241205231274,0.1826954917482586,False
84,8,D,1012,-73.941409,40.839137,2025-06-12 09:50:15.267,2025-06-12 10:10:15.267,0.6,0.4183324669196444,True
84,9,P,1008,-74.005141,40.745686,2025-06-12 12:06:24.569,2025-06-12 12:26:24.569,0.4183324669196444,0.39406979758834276,False
84,10,D,1008,-74.008769094944,40.73191132323174,2025-06-12 12:06:24.569,2025-06-12 12:26:24.569,0.39406979758834276,0.35498263555554965,False
84,11,P,1014,-73.993934,40.751551,2025-06-12 15:12:07.349,2025-06-12 15:32:07.349,0.35498263555554965,0.32576514319582184,False
84,12,D,1014,-73.97449783980846,40.74322681432173,2025-06-12 15:12:07.349,2025-06-12 15:32:07.349,0.32576514319582184,0.30666227666887264,False
84,13,P,1013,-73.98855723,40.7462009,2025-06-12 18:05:30.111,2025-06-12 18:25:30.111,0.30666227666887264,0.28540906550441764,False
84,14,P,1010,-74.002353,40.752694,2025-06-12 18:08:32.245,2025-06-12 18:28:32.245,0.28540906550441764,0.2405058279624476,False
84,15,D,1013,-73.99662137031554,40.72706363348306,2025-06-12 18:05:30.111,2025-06-12 18:25:30.111,0.2405058279624476,0.23189920405085804,False
84,16,D,1010,-73.99724900722504,40.722103786686034,2025-06-12 18:08:32.245,2025-06-12 18:28:32.245,0.23189920405085804,0.2139492749514762,False
84,17,P,1018,-74.00026394,40.73224119,2025-06-12 18:29:49.163,2025-06-12 18:49:49.163,0.2139492749514762,0.18792792442240785,False
84,18,P,1015,-74.0090009,40.71870987,2025-06-12 18:25:05.733,2025-06-12 18:45:05.733,0.18792792442240785,0.1836768199769149,False
84,19,D,1015,-74.0091059,40.71625008,2025-06-12 18:25:05.733,2025-06-12 18:45:05.733,0.1836768199769149,0.16876422895122434,False
84,20,D,1018,-73.99851193,40.71307916,2025-06-12 18:29:49.163,2025-06-12 18:49:49.163,0.16876422895122434,0.11721696289103525,False
84,21,P,1019,-74.00831580162048,40.74198159994023,2025-06-12 21:53:39.977,2025-06-12 22:13:39.977,0.11721696289103525,0.07224979147050775,False
84,22,D,1019,-73.98917958140373,40.76360467795863,2025-06-12 21:53:39.977,2025-06-12 22:13:39.977,0.6,0.578016832482642,True
84,23,DEPOT,-1,-73.9915,40.751,,,0.578016832482642,0.578016832482642,False
85,0,DEPOT,-1,-73.9915,40.751,,,0.3789100507628847,0.36441023447685256,False
85,1,P,1020,-74.002353,40.752694,2025-06-12 07:38:14.212,2025-06-12 07:58:14.212,0.36441023447685256,0.32675580591391545,False
85,2,D,1020,-73.974235,40.757334,2025-06-12 07:38:14.212,2025-06-12 07:58:14.212,0.32675580591391545,0.2811351333164848,False
85,3,P,1029,-74.00366443,40.74317449,2025-06-12 08:55:01.753,2025-06-12 09:15:01.753,0.2811351333164848,0.24967469434485112,False
85,4,D,1029,-73.99510189890862,40.72615604980408,2025-06-12 08:55:01.753,2025-06-12 09:15:01.753,0.24967469434485112,0.20033212776358872,False
85,5,P,1022,-73.99177,40.75461,2025-06-12 09:48:14.248,2025-06-12 10:08:14.248,0.20033212776358872,0.1720533420052741,False
85,6,D,1022,-73.99006,40.73829,2025-06-12 09:48:14.248,2025-06-12 10:08:14.248,0.6,0.45978677895988757,True
85,7,P,1026,-73.946168,40.812346,2025-06-12 10:39:55.021,2025-06-12 10:59:55.021,0.45978677895988757,0.43041432827161996,False
85,8,D,1026,-73.9441232,40.7954121,2025-06-12 10:39:55.021,2025-06-12 10:59:55.021,0.43041432827161996,0.3710050832839998,False
85,9,P,1031,-73.98288594,40.77748046,2025-06-12 13:05:13.587,2025-06-12 13:25:13.587,0.3710050832839998,0.3391992220214722,False
85,10,D,1031,-73.9912551,40.76019252,2025-06-12 13:05:13.587,2025-06-12 13:25:13.587,0.3391992220214722,0.29570989234356315,False
85,11,P,1023,-73.96060712,40.7699426,2025-06-12 15:00:54.319,2025-06-12 15:20:54.319,0.29570989234356315,0.2921835204487679,False
85,12,D,1023,-73.95840793848038,40.7687620293096,2025-06-12 15:00:54.319,2025-06-12 15:20:54.319,0.2921835204487679,0.26574722876192625,False
85,13,P,1024,-73.96592976,40.75455731,2025-06-12 17:24:08.146,2025-06-12 17:44:08.146,0.26574722876192625,0.23899224051731088,False
85,14,D,1024,-73.98268129,40.76344058,2025-06-12 17:24:08.146,2025-06-12 17:44:08.146,0.23899224051731088,0.18055654801989113,False
85,15,P,1027,-73.99102628231049,40.73020660529954,2025-06-12 18:11:42.322,2025-06-12 18:31:42.322,0.18055654801989113,0.15779450899271472,False
85,16,D,1027,-73.98802084,40.7172274,2025-06-12 18:11:42.322,2025-06-12 18:31:42.322,0.15779450899271472,0.1280980238504201,False
85,17,P,1028,-74.0076532959938,40.72583996792375,2025-06-12 19:04:43.567,2025-06-12 19:24:43.567,0.1280980238504201,0.1008056901876209,False
85,18,D,1028,-74.001702,40.740983,2025-06-12 19:04:43.567,2025-06-12 19:24:43.567,0.1008056901876209,0.08517362398772174,False
85,19,P,1025,-74.00711384,40.73291553,2025-06-12 20:56:30.647,2025-06-12 21:16:30.647,0.08517362398772174,0.0628088766068659,False
85,20,D,1025,-74.0103006362915,40.72019521437465,2025-06-12 20:56:30.647,2025-06-12 21:16:30.647,0.6,0.5413754303047583,True
85,21,DEPOT,-1,-73.9915,40.751,,,0.5413754303047583,0.5413754303047583,False
86,0,DEPOT,-1,-73.9915,40.751,,,0.5116954636252545,0.4922188950848749,False
86,1,P,1042,-73.99103969335556,40.73972989238724,2025-06-12 06:28:55.641,2025-06-12 06:48:55.641,0.4922188950848749,0.45836033519544694,False
86,2,D,1042,-73.97498696,40.75510267,2025-06-12 06:28:55.641,2025-06-12 06:48:55.641,0.45836033519544694,0.42427217529220074,False
86,3,P,1041,-73.99415556,40.74173969,2025-06-12 06:52:32.279,2025-06-12 07:12:32.279,0.42427217529220074,0.40897707303993247,False
86,4,D,1041,-73.9946848154068,40.7505853470215,2025-06-12 06:52:32.279,2025-06-12 07:12:32.279,0.40897707303993247,0.319910952140202,False
86,5,P,1043,-73.94552579,40.7862586,2025-06-12 09:43:18.562,2025-06-12 10:03:18.562,0.319910952140202,0.2853085691251247,False
86,6,D,1043,-73.95840793848038,40.7687620293096,2025-06-12 09:43:18.562,2025-06-12 10:03:18.562,0.2853085691251247,0.20507516188580713,False
86,7,P,1040,-73.99490341544151,40.73143724085228,2025-06-12 11:27:23.521,2025-06-12 11:47:23.521,0.20507516188580713,0.15219795471799072,False
86,8,D,1040,-73.996975,40.762009,2025-06-12 11:27:23.521,2025-06-12 11:47:23.521,0.15219795471799072,0.08454812023066842,False
86,9,P,1037,-73.98864984512329,40.72335597960796,2025-06-12 12:38:54.559,2025-06-12 12:58:54.559,0.6,0.5724698345902928,True
86,10,D,1037,-74.00965965,40.72405549,2025-06-12 12:38:54.559,2025-06-12 12:58:54.559,0.5724698345902928,0.4945900989563162,False
86,11,P,1039,-73.977242,40.761865,2025-06-12 15:08:26.754,2025-06-12 15:28:26.754,0.4945900989563162,0.4656960255105105,False
86,12,D,1039,-73.9916,40.749156,2025-06-12 15:08:26.754,2025-06-12 15:28:26.754,0.4656960255105105,0.44187895556918566,False
86,13,P,1034,-74.0052741765976,40.74005708567285,2025-06-12 15:36:15.373,2025-06-12 15:56:15.373,0.44187895556918566,0.424680510483588,False
86,14,D,1034,-74.00214988,40.73038599,2025-06-12 15:36:15.373,2025-06-12 15:56:15.373,0.424680510483588,0.4101169121835411,False
86,15,P,1035,-73.99102628231049,40.73020660529954,2025-06-12 18:16:51.630,2025-06-12 18:36:51.630,0.4101169121835411,0.39430824561914857,False
86,16,D,1035,-73.97950418293476,40.72746420692392,2025-06-12 18:16:51.630,2025-06-12 18:36:51.630,0.39430824561914857,0.29442977960283234,False
86,17,P,1038,-73.97667321,40.78524672,2025-06-12 18:44:51.644,2025-06-12 19:04:51.644,0.29442977960283234,0.2862622755830003,False
86,18,D,1038,-73.97137,40.78275,2025-06-12 18:44:51.644,2025-06-12 19:04:51.644,0.2862622755830003,0.15882925390389357,False
86,19,P,1033,-74.00910627,40.71473993,2025-06-12 20:38:56.415,2025-06-12 20:58:56.415,0.15882925390389357,0.1560507954936049,False
86,20,D,1033,-74.01122331619263,40.71485150526251,2025-06-12 20:38:56.415,2025-06-12 20:58:56.415,0.1560507954936049,0.08848389663490858,False
86,21,DEPOT,-1,-73.9915,40.751,,,0.08848389663490858,0.08848389663490858,False
87,0,DEPOT,-1,-73.9915,40.751,,,0.4569942183527913,0.44847267824151815,False
87,1,P,1044,-73.996637,40.747968,2025-06-12 07:42:37.513,2025-06-12 08:02:37.513,0.44847267824151815,0.4101365186608391,False
87,2,D,1044,-73.97069431,40.75828065,2025-06-12 07:42:37.513,2025-06-12 08:02:37.513,0.4101365186608391,0.39224211531590847,False
87,3,P,1050,-73.9816324043,40.752062307,2025-06-12 10:16:46.363,2025-06-12 10:36:46.363,0.39224211531590847,0.3761208612651986,False
87,4,D,1050,-73.993934,40.751551,2025-06-12 10:16:46.363,2025-06-12 10:36:46.363,0.3761208612651986,0.35671628968072544,False
87,5,P,1046,-73.9847157150507,40.74275179648995,2025-06-12 14:04:47.841,2025-06-12 14:24:47.841,0.35671628968072544,0.34428789744436544,False
87,6,D,1046,-73.97738662,40.7381765,2025-06-12 14:04:47.841,2025-06-12 14:24:47.841,0.34428789744436544,0.3216501962269872,False
87,7,P,1049,-73.99456405,40.73971301,2025-06-12 14:17:52.396,2025-06-12 14:37:52.396,0.3216501962269872,0.2976076711886357,False
87,8,D,1049,-73.97898383438587,40.732339777151054,2025-06-12 14:17:52.396,2025-06-12 14:37:52.396,0.2976076711886357,0.2718937292474048,False
87,9,P,1053,-73.971822,40.746202,2025-06-12 15:38:35.402,2025-06-12 15:58:35.402,0.2718937292474048,0.2422614258572571,False
87,10,D,1053,-73.9900262,40.75640548,2025-06-12 15:38:35.402,2025-06-12 15:58:35.402,0.2422614258572571,0.15829047095427382,False
87,11,P,1047,-73.9681805305,40.8021174,2025-06-12 17:03:03.287,2025-06-12 17:23:03.287,0.15829047095427382,0.1503885803986448,False
87,12,D,1047,-73.964928,40.805973,2025-06-12 17:03:03.287,2025-06-12 17:23:03.287,0.6,0.48647298408100675,True
87,13,P,1048,-73.98918628692627,40.74286877312112,2025-06-12 17:28:55.939,2025-06-12 17:48:55.939,0.48647298408100675,0.46503377182600997,False
87,14,D,1048,-74.005141,40.745686,2025-06-12 17:28:55.939,2025-06-12 17:48:55.939,0.46503377182600997,0.431552819250555,False
87,15,P,1051,-73.97966069,40.74394314,2025-06-12 18:18:45.894,2025-06-12 18:38:45.894,0.431552819250555,0.42799099128894574,False
87,16,D,1051,-73.98215353488922,40.74311555376486,2025-06-12 18:18:45.894,2025-06-12 18:38:45.894,0.42799099128894574,0.3692154742678488,False
87,17,P,1045,-73.97898475,40.7770575,2025-06-12 19:36:55.700,2025-06-12 19:56:55.700,0.3692154742678488,0.3387221848042951,False
87,18,D,1045,-73.95840793848038,40.7687620293096,2025-06-12 19:36:55.700,2025-06-12 19:56:55.700,0.3387221848042951,0.24248577115923117,False
87,19,P,1054,-73.941928,40.823061,2025-06-12 22:55:17.242,2025-06-12 23:15:17.242,0.24248577115923117,0.23585493615651612,False
87,20,D,1054,-73.941427,40.826881,2025-06-12 22:55:17.242,2025-06-12 23:15:17.242,0.23585493615651612,0.08933462803605355,False
87,21,DEPOT,-1,-73.9915,40.751,,,0.08933462803605355,0.08933462803605355,False
88,0,DEPOT,-1,-73.9915,40.751,,,0.39386707359705636,0.2768098414032006,False
88,1,P,1067,-73.956461,40.813358,2025-06-12 00:52:00.183,2025-06-12 01:12:00.183,0.2768098414032006,0.2573452449959804,False
88,2,D,1067,-73.945144,40.820681,2025-06-12 00:52:00.183,2025-06-12 01:12:00.183,0.2573452449959804,0.1596741958216132,False
88,3,P,1064,-73.95818491,40.76500525,2025-06-12 08:00:50.869,2025-06-12 08:20:50.869,0.1596741958216132,0.13182012346491662,False
88,4,D,1064,-73.97498696,40.75510267,2025-06-12 08:00:50.869,2025-06-12 08:20:50.869,0.13182012346491662,0.12635557951223303,False
88,5,P,1062,-73.97805914282799,40.75724567911726,2025-06-12 08:26:23.040,2025-06-12 08:46:23.040,0.12635557951223303,0.11607776492795524,False
88,6,D,1062,-73.978434,40.763189,2025-06-12 08:26:23.040,2025-06-12 08:46:23.040,0.11607776492795524,0.0955568807552051,False
88,7,P,1061,-73.992573,40.768333,2025-06-12 08:38:32.929,2025-06-12 08:58:32.929,0.0955568807552051,0.07391358571669657,False
88,8,D,1061,-73.97634151,40.76590936,2025-06-12 08:38:32.929,2025-06-12 08:58:32.929,0.6,0.5734152535163052,True
88,9,P,1066,-73.98734897375107,40.7529728216068,2025-06-12 10:44:59.947,2025-06-12 11:04:59.947,0.5734152535163052,0.5230373749125383,False
88,10,D,1066,-73.96427392959595,40.77632142182271,2025-06-12 10:44:59.947,2025-06-12 11:04:59.947,0.5230373749125383,0.4516459037758532,False
88,11,P,1060,-73.99415556,40.74173969,2025-06-12 11:03:27.377,2025-06-12 11:23:27.377,0.4516459037758532,0.4404081014881955,False
88,12,D,1060,-73.996637,40.747968,2025-06-12 11:03:27.377,2025-06-12 11:23:27.377,0.4404081014881955,0.41317004083528,False
88,13,P,1065,-73.99852205,40.73226398,2025-06-12 13:09:48.299,2025-06-12 13:29:48.299,0.41317004083528,0.3811269273641767,False
88,14,D,1065,-73.9946848154068,40.7505853470215,2025-06-12 13:09:48.299,2025-06-12 13:29:48.299,0.3811269273641767,0.34397545623295234,False
88,15,P,1056,-74.008769094944,40.73191132323174,2025-06-12 13:31:43.187,2025-06-12 13:51:43.187,0.34397545623295234,0.3333869740038058,False
88,16,D,1056,-74.0076532959938,40.72583996792375,2025-06-12 13:31:43.187,2025-06-12 13:51:43.187,0.3333869740038058,0.314823222518128,False
88,17,P,1063,-74.00618026,40.73652889,2025-06-12 15:59:38.078,2025-06-12 16:19:38.078,0.314823222518128,0.2738765466375446,False
88,18,D,1063,-73.98802084,40.7172274,2025-06-12 15:59:38.078,2025-06-12 16:19:38.078,0.2738765466375446,0.25484613252442573,False
88,19,P,1057,-74.00016545,40.71117416,2025-06-12 16:42:32.509,2025-06-12 17:02:32.509,0.25484613252442573,0.234504216891123,False
88,20,D,1057,-73.984844,40.713126,2025-06-12 16:42:32.509,2025-06-12 17:02:32.509,0.234504216891123,0.17336221162307838,False
88,21,P,1059,-73.98255586624146,40.74848023448579,2025-06-12 18:38:40.582,2025-06-12 18:58:40.582,0.17336221162307838,0.14783598588601143,False
88,22,D,1059,-73.99461843,40.76009437,2025-06-12 18:38:40.582,2025-06-12 18:58:40.582,0.14783598588601143,0.13160568786011687,False
88,23,DEPOT,-1,-73.9915,40.751,,,0.13160568786011687,0.13160568786011687,False
89,0,DEPOT,-1,-73.9915,40.751,,,0.46521940277170626,0.40478825974308397,False
89,1,P,1077,-73.95356208096926,40.77095553869235,2025-06-12 06:32:51.396,2025-06-12 06:52:51.396,0.40478825974308397,0.3843598726890357,False
89,2,D,1077,-73.96527,40.76313,2025-06-12 06:32:51.396,2025-06-12 06:52:51.396,0.3843598726890357,0.37781080478767376,False
89,3,P,1071,-73.96094022,40.7612274,2025-06-12 07:11:12.120,2025-06-12 07:31:12.120,0.37781080478767376,0.3625197405840307,False
89,4,P,1073,-73.96845281124115,40.76800889305947,2025-06-12 07:04:44.781,2025-06-12 07:24:44.781,0.3625197405840307,0.3371385563668039,False
89,5,D,1073,-73.98486793041229,40.76017739537783,2025-06-12 07:04:44.781,2025-06-12 07:24:44.781,0.3371385563668039,0.3371385563668039,False
89,6,D,1071,-73.98486793041229,40.76017739537783,2025-06-12 07:11:12.120,2025-06-12 07:31:12.120,0.3371385563668039,0.2789237123572665,False
89,7,P,1075,-73.99968780577183,40.72840059450829,2025-06-12 08:37:28.228,2025-06-12 08:57:28.228,0.2789237123572665,0.2724238452607197,False
89,8,D,1075,-74.00165855884552,40.72494672359416,2025-06-12 08:37:28.228,2025-06-12 08:57:28.228,0.2724238452607197,0.2079767283672112,False
89,9,P,1069,-73.96784384,40.75206862,2025-06-12 10:14:50.699,2025-06-12 10:34:50.699,0.2079767283672112,0.20300152859566126,False
89,10,D,1069,-73.96592976,40.75455731,2025-06-12 10:14:50.699,2025-06-12 10:34:50.699,0.20300152859566126,0.09551130724571846,False
89,11,P,1079,-74.01677685,40.70569254,2025-06-12 11:34:33.434,2025-06-12 11:54:33.434,0.09551130724571846,0.0656898739071528,False
89,12,D,1079,-74.0106,40.72231,2025-06-12 11:34:33.434,2025-06-12 11:54:33.434,0.6,0.5193291306463802,True
89,13,P,1076,-73.99392888,40.76727216,2025-06-12 18:41:13.190,2025-06-12 19:01:13.190,0.5193291306463802,0.5066097381502951,False
89,14,D,1076,-73.9912551,40.76019252,2025-06-12 18:41:13.190,2025-06-12 19:01:13.190,0.5066097381502951,0.4714697883704275,False
89,15,P,1070,-73.98958593606949,40.73988840858996,2025-06-12 18:49:30.996,2025-06-12 19:09:30.996,0.4714697883704275,0.46563463486303386,False
89,16,D,1070,-73.99238967,40.73726186,2025-06-12 18:49:30.996,2025-06-12 19:09:30.996,0.46563463486303386,0.4518557532705955,False
89,17,P,1072,-74.001702,40.740983,2025-06-12 18:58:56.027,2025-06-12 19:18:56.027,0.4518557532705955,0.4399321739733447,False
89,18,D,1072,-74.0005722643582,40.74783260583772,2025-06-12 18:58:56.027,2025-06-12 19:18:56.027,0.4399321739733447,0.4099854614915367,False
89,19,P,1068,-73.97896572947502,40.75354681867074,2025-06-12 22:22:23.158,2025-06-12 22:42:23.158,0.4099854614915367,0.39833087870758527,False
89,20,D,1068,-73.97121414,40.75022392,2025-06-12 22:22:23.158,2025-06-12 22:42:23.158,0.39833087870758527,0.33515482086053616,False
89,21,P,1074,-73.99596,40.718822,2025-06-12 23:00:55.126,2025-06-12 23:20:55.126,0.33515482086053616,0.3150706902443092,False
89,22,D,1074,-74.00965965,40.72405549,2025-06-12 23:00:55.126,2025-06-12 23:20:55.126,0.3150706902443092,0.2201904656387117,False
89,23,P,1078,-73.97782542,40.7734066,2025-06-12 23:19:30.943,2025-06-12 23:39:30.943,0.2201904656387117,0.2019758894778926,False
89,24,D,1078,-73.97137,40.78275,2025-06-12 23:19:30.943,2025-06-12 23:39:30.943,0.2019758894778926,0.1411378790687467,False
89,25,DEPOT,-1,-73.9915,40.751,,,0.1411378790687467,0.1411378790687467,False
90,0,DEPOT,-1,-73.9915,40.751,,,0.39198554156976534,0.3218338576040921,False
90,1,P,1084,-73.95595908164978,40.781410700190015,2025-06-12 00:56:56.946,2025-06-12 01:16:56.946,0.3218338576040921,0.3015450234858154,False
90,2,D,1084,-73.97137,40.78275,2025-06-12 00:56:56.946,2025-06-12 01:16:56.946,0.3015450234858154,0.27297741687493066,False
90,3,P,1088,-73.94963040947914,40.78115276427915,2025-06-12 09:29:12.673,2025-06-12 09:49:12.673,0.27297741687493066,0.2486892436839363,False
90,4,D,1088,-73.95840793848038,40.7687620293096,2025-06-12 09:29:12.673,2025-06-12 09:49:12.673,0.2486892436839363,0.21733825559021894,False
90,5,P,1090,-73.98192338,40.7652654,2025-06-12 11:26:14.899,2025-06-12 11:46:14.899,0.21733825559021894,0.19660977202725458,False
90,6,D,1090,-73.97898475,40.7770575,2025-06-12 11:26:14.899,2025-06-12 11:46:14.899,0.19660977202725458,0.1259061051916326,False
90,7,P,1086,-73.990134,40.737006,2025-06-12 13:41:21.475,2025-06-12 14:01:21.475,0.1259061051916326,0.09736014560781436,False
90,8,D,1086,-74.007756,40.746745,2025-06-12 13:41:21.475,2025-06-12 14:01:21.475,0.6,0.556317731914682,True
90,9,P,1091,-73.98268129,40.76344058,2025-06-12 15:18:54.624,2025-06-12 15:38:54.624,0.556317731914682,0.5449212930935096,False
90,10,D,1091,-73.988639,40.768254,2025-06-12 15:18:54.624,2025-06-12 15:38:54.624,0.5449212930935096,0.5221018546960556,False
90,11,P,1080,-73.98658032,40.75513557,2025-06-12 16:15:15.068,2025-06-12 16:35:15.068,0.5221018546960556,0.5199709260402906,False
90,12,D,1080,-73.988154,40.754818,2025-06-12 16:15:15.068,2025-06-12 16:35:15.068,0.5199709260402906,0.4867652229870977,False
90,13,P,1087,-73.96527,40.76313,2025-06-12 17:39:09.535,2025-06-12 17:59:09.535,0.4867652229870977,0.46428706066006165,False
90,14,D,1087,-73.98169333,40.76695317,2025-06-12 17:39:09.535,2025-06-12 17:59:09.535,0.46428706066006165,0.4141519560864939,False
90,15,P,1081,-74.00366443,40.74317449,2025-06-12 19:14:13.474,2025-06-12 19:34:13.474,0.4141519560864939,0.4014631448563828,False
90,16,D,1081,-73.99415556,40.74173969,2025-06-12 19:14:13.474,2025-06-12 19:34:13.474,0.4014631448563828,0.3508857772516828,False
90,17,P,1089,-74.00910627,40.71473993,2025-06-12 20:01:56.961,2025-06-12 20:21:56.961,0.3508857772516828,0.3441326625511152,False
90,18,D,1089,-74.005549,40.717571,2025-06-12 20:01:56.961,2025-06-12 20:21:56.961,0.3441326625511152,0.24774203071558581,False
90,19,P,1085,-73.9646,40.763954,2025-06-12 20:26:01.461,2025-06-12 20:46:01.461,0.24774203071558581,0.22859801082382314,False
90,20,D,1085,-73.95577801,40.7727966,2025-06-12 20:26:01.461,2025-06-12 20:46:01.461,0.22859801082382314,0.168582956357558,False
90,21,DEPOT,-1,-73.9915,40.751,,,0.168582956357558,0.168582956357558,False
91,0,DEPOT,-1,-73.9915,40.751,,,0.5062272787663246,0.5011381046860464,False
91,1,P,1092,-73.98805,40.74964,2025-06-12 00:01:41.733,2025-06-12 00:21:41.733,0.5011381046860464,0.48215375271982003,False
91,2,D,1092,-74.00004031,40.74345335,2025-06-12 00:01:41.733,2025-06-12 00:21:41.733,0.48215375271982003,0.45096785325488353,False
91,3,P,1096,-73.976806,40.739445,2025-06-12 07:12:45.341,2025-06-12 07:32:45.341,0.45096785325488353,0.4280191638707148,False
91,4,D,1096,-73.98805,40.74964,2025-06-12 07:12:45.341,2025-06-12 07:32:45.341,0.4280191638707148,0.3737887057214084,False
91,5,P,1102,-73.99596,40.718822,2025-06-12 09:45:28.618,2025-06-12 10:05:28.618,0.3737887057214084,0.36787411904988077,False
91,6,D,1102,-73.99724900722504,40.722103786686034,2025-06-12 09:45:28.618,2025-06-12 10:05:28.618,0.36787411904988077,0.2811569864100465,False
91,7,P,1099,-73.96222069859505,40.76471851944339,2025-06-12 11:57:29.976,2025-06-12 12:17:29.976,0.2811569864100465,0.25171003256472446,False
91,8,D,1099,-73.970127,40.7487575,2025-06-12 11:57:29.976,2025-06-12 12:17:29.976,0.25171003256472446,0.22160830788582825,False
91,9,P,1095,-73.980973,40.764126,2025-06-12 14:28:13.592,2025-06-12 14:48:13.592,0.22160830788582825,0.21663474210355937,False
91,10,D,1095,-73.98169333,40.76695317,2025-06-12 14:28:13.592,2025-06-12 14:48:13.592,0.21663474210355937,0.18795778195620655,False
91,11,P,1101,-73.98765428,40.75097711,2025-06-12 17:04:59.747,2025-06-12 17:24:59.747,0.18795778195620655,0.1653335642768789,False
91,12,D,1101,-73.996975,40.762009,2025-06-12 17:04:59.747,2025-06-12 17:24:59.747,0.1653335642768789,0.13413676388743515,False
91,13,P,1098,-73.978326,40.750756,2025-06-12 17:59:10.448,2025-06-12 18:19:10.448,0.13413676388743515,0.08185025253771785,False
91,14,D,1098,-73.99480012,40.72317958,2025-06-12 17:59:10.448,2025-06-12 18:19:10.448,0.6,0.43870500360005926,True
91,15,P,1094,-73.94776493310928,40.80949534777948,2025-06-12 21:27:42.585,2025-06-12 21:47:42.585,0.43870500360005926,0.4255228837740206,False
91,16,D,1094,-73.956461,40.813358,2025-06-12 21:27:42.585,2025-06-12 21:47:42.585,0.4255228837740206,0.34116921924203003,False
91,17,P,1103,-73.96222069859505,40.76471851944339,2025-06-12 23:36:38.324,2025-06-12 23:56:38.324,0.34116921924203003,0.3325864841491929,False
91,18,D,1103,-73.95840793848038,40.7687620293096,2025-06-12 23:36:38.324,2025-06-12 23:56:38.324,0.3325864841491929,0.2795211056039273,False
91,19,DEPOT,-1,-73.9915,40.751,,,0.2795211056039273,0.2795211056039273,False
92,0,DEPOT,-1,-73.9915,40.751,,,0.4536928178705464,0.42479051937092993,False
92,1,P,1110,-73.98205027,40.73587678,2025-06-12 08:08:41.460,2025-06-12 08:28:41.460,0.42479051937092993,0.4079163749662708,False
92,2,D,1110,-73.98840844631195,40.72737869323223,2025-06-12 08:08:41.460,2025-06-12 08:28:41.460,0.4079163749662708,0.3751391022421035,False
92,3,P,1104,-73.98194829,40.7457121,2025-06-12 08:35:56.513,2025-06-12 08:55:56.513,0.3751391022421035,0.3623923795657556,False
92,4,D,1104,-73.976806,40.739445,2025-06-12 08:35:56.513,2025-06-12 08:55:56.513,0.3623923795657556,0.31729202560178454,False
92,5,P,1111,-73.98192338,40.7652654,2025-06-12 08:38:47.775,2025-06-12 08:58:47.775,0.31729202560178454,0.30652319888963825,False
92,6,D,1111,-73.97811613976955,40.75973805251143,2025-06-12 08:38:47.775,2025-06-12 08:58:47.775,0.30652319888963825,0.23408083650028758,False
92,7,P,1114,-73.9711457439,40.8013434,2025-06-12 10:21:58.587,2025-06-12 10:41:58.587,0.23408083650028758,0.21796499239473618,False
92,8,D,1114,-73.97700369358063,40.79313480986663,2025-06-12 10:21:58.587,2025-06-12 10:41:58.587,0.21796499239473618,0.14327643768761494,False
92,9,P,1113,-73.996765,40.752568,2025-06-12 11:03:26.935,2025-06-12 11:23:26.935,0.14327643768761494,0.13532893168326385,False
92,10,D,1113,-73.996637,40.747968,2025-06-12 11:03:26.935,2025-06-12 11:23:26.935,0.13532893168326385,0.1301360795641581,False
92,11,P,1106,-73.9946848154068,40.7505853470215,2025-06-12 11:49:13.458,2025-06-12 12:09:13.458,0.1301360795641581,0.11156876109217871,False
92,12,D,1106,-73.98303529,40.74444921,2025-06-12 11:49:13.458,2025-06-12 12:09:13.458,0.11156876109217871,0.07345151320502755,False
92,13,P,1105,-73.99565293,40.72456089,2025-06-12 14:38:01.485,2025-06-12 14:58:01.485,0.07345151320502755,0.06643649702585062,False
92,14,D,1105,-73.9949,40.72054,2025-06-12 14:38:01.485,2025-06-12 14:58:01.485,0.06643649702585062,0.062423718377060906,False
92,15,P,1112,-73.9919254,40.72110063,2025-06-12 16:58:23.109,2025-06-12 17:18:23.109,0.6,0.5928185377390456,True
92,16,D,1112,-73.99724900722504,40.722103786686034,2025-06-12 16:58:23.109,2025-06-12 17:18:23.109,0.5928185377390456,0.5481351973994636,False
92,17,P,1108,-73.996637,40.747968,2025-06-12 17:51:14.555,2025-06-12 18:11:14.555,0.5481351973994636,0.5438344986842847,False
92,18,D,1108,-73.99839279,40.7500727,2025-06-12 17:51:14.555,2025-06-12 18:11:14.555,0.5438344986842847,0.42963638375276847,False
92,19,P,1115,-73.9419949,40.8005385,2025-06-12 19:40:37.790,2025-06-12 20:00:37.790,0.42963638375276847,0.3967256945509835,False
92,20,D,1115,-73.94594,40.7817212,2025-06-12 19:40:37.790,2025-06-12 20:00:37.790,0.3967256945509835,0.3531648731565192,False
92,21,P,1107,-73.97757,40.789622,2025-06-12 19:55:24.957,2025-06-12 20:15:24.957,0.3531648731565192,0.34696901935062263,False
92,22,D,1107,-73.97289,40.79018,2025-06-12 19:55:24.957,2025-06-12 20:15:24.957,0.34696901935062263,0.27504649844001533,False
92,23,DEPOT,-1,-73.9915,40.751,,,0.27504649844001533,0.27504649844001533,False
93,0,DEPOT,-1,-73.9915,40.751,,,0.44001445748026125,0.39683511280966305,False
93,1,P,1127,-73.98616880178452,40.72633085971696,2025-06-12 07:35:28.948,2025-06-12 07:55:28.948,0.39683511280966305,0.38869545004845957,False
93,2,D,1127,-73.99075269699097,40.72951496224949,2025-06-12 07:35:28.948,2025-06-12 07:55:28.948,0.38869545004845957,0.3425327040880796,False
93,3,P,1116,-73.98014437,40.75500254,2025-06-12 10:04:12.475,2025-06-12 10:24:12.475,0.3425327040880796,0.32179072245105816,False
93,4,D,1116,-73.98169333,40.76695317,2025-06-12 10:04:12.475,2025-06-12 10:24:12.475,0.32179072245105816,0.2836904322425119,False
93,5,P,1122,-73.971822,40.746202,2025-06-12 13:49:05.054,2025-06-12 14:09:05.054,0.2836904322425119,0.27139204944445006,False
93,6,D,1122,-73.97032517,40.75323098,2025-06-12 13:49:05.054,2025-06-12 14:09:05.054,0.27139204944445006,0.20782213866424637,False
93,7,P,1119,-73.97757,40.789622,2025-06-12 17:37:11.487,2025-06-12 17:57:11.487,0.20782213866424637,0.188980316116282,False
93,8,D,1119,-73.98562431335449,40.78057799010334,2025-06-12 17:37:11.487,2025-06-12 17:57:11.487,0.188980316116282,0.11381857029911993,False
93,9,P,1124,-74.0026376103,40.7390169121,2025-06-12 18:57:56.885,2025-06-12 19:17:56.885,0.11381857029911993,0.10477849212625195,False
93,10,D,1124,-74.00747358798981,40.74275382865903,2025-06-12 18:57:56.885,2025-06-12 19:17:56.885,0.10477849212625195,0.082307495252336,False
93,11,P,1117,-74.00214988,40.73038599,2025-06-12 19:27:29.025,2025-06-12 19:47:29.025,0.082307495252336,0.07216968413015071,False
93,12,D,1117,-74.00697,40.73498,2025-06-12 19:27:29.025,2025-06-12 19:47:29.025,0.6,0.5637587534551669,True
93,13,P,1118,-73.98490707,40.74765947,2025-06-12 20:42:11.387,2025-06-12 21:02:11.387,0.5637587534551669,0.5033413536999288,False
93,14,D,1118,-73.9543953537941,40.77391390238118,2025-06-12 20:42:11.387,2025-06-12 21:02:11.387,0.5033413536999288,0.44070606199580087,False
93,15,DEPOT,-1,-73.9915,40.751,,,0.44070606199580087,0.44070606199580087,False
94,0,DEPOT,-1,-73.9915,40.751,,,0.423317538721054,0.3962661470818374,False
94,1,P,1133,-73.971822,40.746202,2025-06-12 08:08:15.963,2025-06-12 08:28:15.963,0.3962661470818374,0.38396776428377555,False
94,2,D,1133,-73.97032517,40.75323098,2025-06-12 08:08:15.963,2025-06-12 08:28:15.963,0.38396776428377555,0.3491128005260665,False
94,3,P,1138,-73.9477213,40.7639089,2025-06-12 08:15:04.464,2025-06-12 08:35:04.464,0.3491128005260665,0.33532474847040644,False
94,4,D,1138,-73.9536,40.757284,2025-06-12 08:15:04.464,2025-06-12 08:35:04.464,0.33532474847040644,0.2270813445882338,False
94,5,P,1129,-74.009447,40.711066,2025-06-12 12:18:31.116,2025-06-12 12:38:31.116,0.2270813445882338,0.21811557231421658,False
94,6,D,1129,-74.0091059,40.71625008,2025-06-12 12:18:31.116,2025-06-12 12:38:31.116,0.21811557231421658,0.1545472396953519,False
94,7,P,1128,-74.002353,40.752694,2025-06-12 13:00:11.954,2025-06-12 13:20:11.954,0.1545472396953519,0.1438725115882058,False
94,8,D,1128,-73.9946848154068,40.7505853470215,2025-06-12 13:00:11.954,2025-06-12 13:20:11.954,0.6,0.45619618886276125,True
94,9,P,1139,-73.951989,40.827305,2025-06-12 14:18:21.407,2025-06-12 14:38:21.407,0.45619618886276125,0.4472866872416444,False
94,10,D,1139,-73.949702,40.832164,2025-06-12 14:18:21.407,2025-06-12 14:38:21.407,0.4472866872416444,0.2721274213135742,False
94,11,P,1136,-74.0026376103,40.7390169121,2025-06-12 15:09:24.651,2025-06-12 15:29:24.651,0.2721274213135742,0.2495138345010139,False
94,12,D,1136,-73.99075269699097,40.72951496224949,2025-06-12 15:09:24.651,2025-06-12 15:29:24.651,0.2495138345010139,0.16953113842390147,False
94,13,P,1134,-73.96409422159195,40.77118287540658,2025-06-12 15:34:43.158,2025-06-12 15:54:43.158,0.16953113842390147,0.134758452197753,False
94,14,D,1134,-73.97289,40.79018,2025-06-12 15:34:43.158,2025-06-12 15:54:43.158,0.134758452197753,0.09768299044375173,False
94,15,P,1130,-73.9543953537941,40.77391390238118,2025-06-12 16:42:16.881,2025-06-12 17:02:16.881,0.09768299044375173,0.08735124416207267,False
94,16,D,1130,-73.95840793848038,40.7687620293096,2025-06-12 16:42:16.881,2025-06-12 17:02:16.881,0.6,0.5646976488655068,True
94,17,P,1131,-73.974996,40.752643,2025-06-12 17:50:07.183,2025-06-12 18:10:07.183,0.5646976488655068,0.522145768610777,False
94,18,D,1131,-73.98175925016403,40.72854745023944,2025-06-12 17:50:07.183,2025-06-12 18:10:07.183,0.522145768610777,0.4752593623703694,False
94,19,P,1135,-73.99177,40.75461,2025-06-12 18:23:22.379,2025-06-12 18:43:22.379,0.4752593623703694,0.4714090669579719,False
94,20,D,1135,-73.9900262,40.75640548,2025-06-12 18:23:22.379,2025-06-12 18:43:22.379,0.4714090669579719,0.42699726987100095,False
94,21,P,1137,-73.97374737,40.77896784,2025-06-12 19:46:18.213,2025-06-12 20:06:18.213,0.42699726987100095,0.39747776822558545,False
94,22,D,1137,-73.96527,40.76313,2025-06-12 19:46:18.213,2025-06-12 20:06:18.213,0.39747776822558545,0.3572673238591452,False
94,23,DEPOT,-1,-73.9915,40.751,,,0.3572673238591452,0.3572673238591452,False
95,0,DEPOT,-1,-73.9915,40.751,,,0.49235934455496655,0.41666444830967553,False
95,1,P,1150,-74.00495,40.70838,2025-06-12 06:32:53.754,2025-06-12 06:52:53.754,0.41666444830967553,0.39899783115356025,False
95,2,D,1150,-73.99161100387573,40.70991806921533,2025-06-12 06:32:53.754,2025-06-12 06:52:53.754,0.39899783115356025,0.3145737259463869,False
95,3,P,1149,-73.967641,40.755293,2025-06-12 08:18:49.653,2025-06-12 08:38:49.653,0.3145737259463869,0.28718028221030645,False
95,4,D,1149,-73.98313522338867,40.765959181657976,2025-06-12 08:18:49.653,2025-06-12 08:38:49.653,0.28718028221030645,0.23029925542083204,False
95,5,P,1143,-74.000939,40.735918,2025-06-12 10:00:32.417,2025-06-12 10:20:32.417,0.23029925542083204,0.22167450444125092,False
95,6,D,1143,-73.99852573871613,40.74056423633952,2025-06-12 10:00:32.417,2025-06-12 10:20:32.417,0.22167450444125092,0.12842703790788465,False
95,7,P,1141,-73.955327,40.7835016,2025-06-12 10:52:13.729,2025-06-12 11:12:13.729,0.12842703790788465,0.0836321841745869,False
95,8,D,1141,-73.98169333,40.76695317,2025-06-12 10:52:13.729,2025-06-12 11:12:13.729,0.6,0.5016872633448715,True
95,9,P,1142,-74.01246,40.71503,2025-06-12 12:12:54.143,2025-06-12 12:32:54.143,0.5016872633448715,0.47344880083584623,False
95,10,D,1142,-74.00887,40.73115,2025-06-12 12:12:54.143,2025-06-12 12:32:54.143,0.47344880083584623,0.4291986114761734,False
95,11,P,1144,-73.97793172,40.72082834,2025-06-12 13:35:23.313,2025-06-12 13:55:23.313,0.4291986114761734,0.4191620521451148,False
95,12,D,1144,-73.98261206,40.71622644,2025-06-12 13:35:23.313,2025-06-12 13:55:23.313,0.4191620521451148,0.36549252851850883,False
95,13,P,1145,-73.971822,40.746202,2025-06-12 18:29:56.766,2025-06-12 18:49:56.766,0.36549252851850883,0.34947034351081546,False
95,14,D,1145,-73.97973776,40.73912601,2025-06-12 18:29:56.766,2025-06-12 18:49:56.766,0.34947034351081546,0.27900610424135663,False
95,15,P,1151,-73.9590097,40.77677702,2025-06-12 19:45:03.645,2025-06-12 20:05:03.645,0.27900610424135663,0.272203625286232,False
95,16,D,1151,-73.95407149,40.77801203,2025-06-12 19:45:03.645,2025-06-12 20:05:03.645,0.272203625286232,0.1898644872368706,False
95,17,P,1148,-73.99915362,40.74475148,2025-06-12 22:45:36.521,2025-06-12 23:05:36.521,0.1898644872368706,0.15478092519870895,False
95,18,D,1148,-73.98917958140373,40.76360467795863,2025-06-12 22:45:36.521,2025-06-12 23:05:36.521,0.15478092519870895,0.13279775768135105,False
95,19,DEPOT,-1,-73.9915,40.751,,,0.13279775768135105,0.13279775768135105,False
96,0,DEPOT,-1,-73.9915,40.751,,,0.43598064821621196,0.40755362901166414,False
96,1,P,1162,-73.97722479,40.76340613,2025-06-12 06:56:46.287,2025-06-12 07:16:46.287,0.40755362901166414,0.3481464494017695,False
96,2,D,1162,-73.95249933,40.7922553,2025-06-12 06:56:46.287,2025-06-12 07:16:46.287,0.3481464494017695,0.33287782184338266,False
96,3,P,1159,-73.96417066463071,40.79249519495111,2025-06-12 10:00:21.225,2025-06-12 10:20:21.225,0.33287782184338266,0.30773582579705755,False
96,4,D,1159,-73.954692,40.805159,2025-06-12 10:00:21.225,2025-06-12 10:20:21.225,0.30773582579705755,0.2677971462584516,False
96,5,P,1160,-73.9489196240902,40.782454175279874,2025-06-12 11:04:44.828,2025-06-12 11:24:44.828,0.2677971462584516,0.23909883593560344,False
96,6,D,1160,-73.9614,40.76879,2025-06-12 11:04:44.828,2025-06-12 11:24:44.828,0.23909883593560344,0.17873364579103118,False
96,7,P,1152,-74.002353,40.752694,2025-06-12 11:53:55.530,2025-06-12 12:13:55.530,0.17873364579103118,0.1623763271714354,False
96,8,D,1152,-73.99529885,40.74487634,2025-06-12 11:53:55.530,2025-06-12 12:13:55.530,0.6,0.47854602286284126,True
96,9,P,1156,-73.942954,40.80295,2025-06-12 15:05:43.765,2025-06-12 15:25:43.765,0.47854602286284126,0.4654360944943722,False
96,10,D,1156,-73.9441232,40.7954121,2025-06-12 15:05:43.765,2025-06-12 15:25:43.765,0.4654360944943722,0.44912805665903544,False
96,11,P,1154,-73.95206,40.78813,2025-06-12 16:21:13.334,2025-06-12 16:41:13.334,0.44912805665903544,0.4467375048621143,False
96,12,D,1154,-73.95242929458618,40.78948541553215,2025-06-12 16:21:13.334,2025-06-12 16:41:13.334,0.4467375048621143,0.3816507189410565,False
96,13,P,1157,-73.97929430007935,40.75776935448309,2025-06-12 17:30:52.062,2025-06-12 17:50:52.062,0.3816507189410565,0.3675375215189166,False
96,14,D,1157,-73.97032517,40.75323098,2025-06-12 17:30:52.062,2025-06-12 17:50:52.062,0.3675375215189166,0.3352543581878843,False
96,15,P,1163,-73.99379968643188,40.75898481399634,2025-06-12 18:40:48.162,2025-06-12 19:00:48.162,0.3352543581878843,0.310516285784937,False
96,16,D,1163,-73.978326,40.750756,2025-06-12 18:40:48.162,2025-06-12 19:00:48.162,0.310516285784937,0.2699391695201703,False
96,17,P,1153,-73.95840793848038,40.7687620293096,2025-06-12 20:36:25.172,2025-06-12 20:56:25.172,0.2699391695201703,0.25479378069282516,False
96,18,D,1153,-73.96427392959595,40.77632142182271,2025-06-12 20:36:25.172,2025-06-12 20:56:25.172,0.25479378069282516,0.23197054929625502,False
96,19,P,1161,-73.96527,40.76313,2025-06-12 23:43:24.733,2025-06-13 00:03:24.733,0.23197054929625502,0.2115421622422068,False
96,20,D,1161,-73.95356208096926,40.77095553869235,2025-06-12 23:43:24.733,2025-06-13 00:03:24.733,0.2115421622422068,0.15111101921358447,False
96,21,DEPOT,-1,-73.9915,40.751,,,0.15111101921358447,0.15111101921358447,False
97,0,DEPOT,-1,-73.9915,40.751,,,0.3784064830563812,0.361425356780348,False
97,1,P,1167,-73.97896572947502,40.75354681867074,2025-06-12 07:45:20.608,2025-06-12 08:05:20.608,0.361425356780348,0.3423662937118945,False
97,2,D,1167,-73.98788205,40.76227205,2025-06-12 07:45:20.608,2025-06-12 08:05:20.608,0.3423662937118945,0.2512435437594063,False
97,3,P,1168,-74.01113051087516,40.71254669463547,2025-06-12 09:07:59.948,2025-06-12 09:27:59.948,0.2512435437594063,0.24269664290545126,False
97,4,D,1168,-74.0046073,40.71273266,2025-06-12 09:07:59.948,2025-06-12 09:27:59.948,0.24269664290545126,0.2331024642922648,False
97,5,P,1174,-74.00925,40.71703,2025-06-12 09:16:37.346,2025-06-12 09:36:37.346,0.2331024642922648,0.1735076719456142,False
97,6,D,1174,-74.005226,40.751396,2025-06-12 09:16:37.346,2025-06-12 09:36:37.346,0.1735076719456142,0.11243470410915858,False
97,7,P,1171,-73.95865201950072,40.75370225419114,2025-06-12 11:16:28.532,2025-06-12 11:36:28.532,0.11243470410915858,0.10338073398714354,False
97,8,D,1171,-73.9536,40.757284,2025-06-12 11:16:28.532,2025-06-12 11:36:28.532,0.6,0.5353594326572015,True
97,9,P,1165,-74.00277668,40.76087502,2025-06-12 14:10:10.588,2025-06-12 14:30:10.588,0.5353594326572015,0.51289692288401,False
97,10,D,1165,-73.988639,40.768254,2025-06-12 14:10:10.588,2025-06-12 14:30:10.588,0.51289692288401,0.46072090658610004,False
97,11,P,1170,-74.00831580162048,40.74198159994023,2025-06-12 16:09:11.978,2025-06-12 16:29:11.978,0.46072090658610004,0.42214764999570625,False
97,12,D,1170,-73.9912551,40.76019252,2025-06-12 16:09:11.978,2025-06-12 16:29:11.978,0.42214764999570625,0.3584211185617332,False
97,13,P,1175,-73.9488134,40.778301,2025-06-12 17:40:45.340,2025-06-12 18:00:45.340,0.3584211185617332,0.3423714850990846,False
97,14,D,1175,-73.95987510681152,40.78232260730881,2025-06-12 17:40:45.340,2025-06-12 18:00:45.340,0.3423714850990846,0.287344198437537,False
97,15,P,1166,-73.99301222,40.76269882,2025-06-12 18:35:33.364,2025-06-12 18:55:33.364,0.287344198437537,0.2661776051327234,False
97,16,D,1166,-74.002353,40.752694,2025-06-12 18:35:33.364,2025-06-12 18:55:33.364,0.2661776051327234,0.20382512635798755,False
97,17,P,1173,-74.01322069,40.71754834,2025-06-12 19:06:42.063,2025-06-12 19:26:42.063,0.20382512635798755,0.17834024236747334,False
97,18,D,1173,-74.008769094944,40.73191132323174,2025-06-12 19:06:42.063,2025-06-12 19:26:42.063,0.17834024236747334,0.10635507952027191,False
97,19,P,1164,-73.988038,40.770513,2025-06-12 20:53:49.505,2025-06-12 21:13:49.505,0.6,0.5481935079836082,True
97,20,D,1164,-73.97041192,40.7973721,2025-06-12 20:53:49.505,2025-06-12 21:13:49.505,0.5481935079836082,0.4389336140463933,False
97,21,P,1169,-74.0026376103,40.7390169121,2025-06-12 21:59:25.442,2025-06-12 22:19:25.442,0.4389336140463933,0.41429700574917744,False
97,22,D,1169,-73.996765,40.752568,2025-06-12 21:59:25.442,2025-06-12 22:19:25.442,0.41429700574917744,0.4068943046935958,False
97,23,DEPOT,-1,-73.9915,40.751,,,0.4068943046935958,0.4068943046935958,False
98,0,DEPOT,-1,-73.9915,40.751,,,0.3847812394453082,0.3149776746781221,False
98,1,P,1187,-74.01658354,40.7153379,2025-06-12 07:20:37.977,2025-06-12 07:40:37.977,0.3149776746781221,0.3032279512861494,False
98,2,D,1187,-74.0103006362915,40.72019521437465,2025-06-12 07:20:37.977,2025-06-12 07:40:37.977,0.3032279512861494,0.2766228011599355,False
98,3,P,1182,-73.98997825,40.72019576,2025-06-12 08:43:43.778,2025-06-12 09:03:43.778,0.2766228011599355,0.23342609064559405,False
98,4,D,1182,-73.99529885,40.74487634,2025-06-12 08:43:43.778,2025-06-12 09:03:43.778,0.23342609064559405,0.16813616191732225,False
98,5,P,1177,-73.97374737,40.77896784,2025-06-12 09:30:32.258,2025-06-12 09:50:32.258,0.16813616191732225,0.1490888417307943,False
98,6,D,1177,-73.95987510681152,40.78232260730881,2025-06-12 09:30:32.258,2025-06-12 09:50:32.258,0.6,0.5062030887345957,True
98,7,P,1180,-73.98047178983688,40.73031071000895,2025-06-12 10:58:02.355,2025-06-12 11:18:02.355,0.5062030887345957,0.5011257091103807,False
98,8,D,1180,-73.97950418293476,40.72746420692392,2025-06-12 10:58:02.355,2025-06-12 11:18:02.355,0.5011257091103807,0.45285158184409446,False
98,9,P,1185,-73.98316936,40.75527307,2025-06-12 12:12:16.149,2025-06-12 12:32:16.149,0.45285158184409446,0.4408402758359441,False
98,10,D,1185,-73.97513,40.75863,2025-06-12 12:12:16.149,2025-06-12 12:32:16.149,0.4408402758359441,0.37487088394129037,False
98,11,P,1184,-73.99930492043495,40.72511734422387,2025-06-12 15:35:17.804,2025-06-12 15:55:17.804,0.37487088394129037,0.363871382729755,False
98,12,D,1184,-74.0076532959938,40.72583996792375,2025-06-12 15:35:17.804,2025-06-12 15:55:17.804,0.363871382729755,0.35982177477430793,False
98,13,P,1181,-74.00965965,40.72405549,2025-06-12 16:39:57.815,2025-06-12 16:59:57.815,0.35982177477430793,0.339737644158081,False
98,14,D,1181,-73.99596,40.718822,2025-06-12 16:39:57.815,2025-06-12 16:59:57.815,0.339737644158081,0.2309643555584674,False
98,15,P,1186,-73.97728532552719,40.7801839724239,2025-06-12 18:22:22.645,2025-06-12 18:42:22.645,0.2309643555584674,0.17044010122266656,False
98,16,D,1186,-73.98855723,40.7462009,2025-06-12 18:22:22.645,2025-06-12 18:42:22.645,0.17044010122266656,0.15101947036526958,False
98,17,P,1179,-74.001702,40.740983,2025-06-12 18:56:28.668,2025-06-12 19:16:28.668,0.15101947036526958,0.10432811020972031,False
98,18,D,1179,-73.97793172,40.72082834,2025-06-12 18:56:28.668,2025-06-12 19:16:28.668,0.10432811020972031,0.09483514548728636,False
98,19,P,1183,-73.98517977,40.72066442,2025-06-12 22:25:41.074,2025-06-12 22:45:41.074,0.09483514548728636,0.08916573700812475,False
98,20,D,1183,-73.98085795,40.7208736,2025-06-12 22:25:41.074,2025-06-12 22:45:41.074,0.6,0.5461297416961106,True
98,21,DEPOT,-1,-73.9915,40.751,,,0.5461297416961106,0.5461297416961106,False
99,0,DEPOT,-1,-73.9915,40.751,,,0.561998509555398,0.5237376404942484,False
99,1,P,1196,-73.98426726,40.72953837,2025-06-12 08:13:32.326,2025-06-12 08:33:32.326,0.5237376404942484,0.46898007002676895,False
99,2,D,1196,-74.007867872715,40.70336686695866,2025-06-12 08:13:32.326,2025-06-12 08:33:32.326,0.46898007002676895,0.36946979491772086,False
99,3,P,1188,-73.99461843,40.76009437,2025-06-12 14:33:43.246,2025-06-12 14:53:43.246,0.36946979491772086,0.31257512979626634,False
99,4,D,1188,-73.95356208096926,40.77095553869235,2025-06-12 14:33:43.246,2025-06-12 14:53:43.246,0.31257512979626634,0.2477388067621713,False
99,5,P,1195,-73.996765,40.752568,2025-06-12 14:56:05.909,2025-06-12 15:16:05.909,0.2477388067621713,0.2301422719491256,False
99,6,D,1195,-73.99726235,40.74238787,2025-06-12 14:56:05.909,2025-06-12 15:16:05.909,0.2301422719491256,0.19775087896158403,False
99,7,P,1199,-73.9756813647,40.733208626522426,2025-06-12 16:32:47.989,2025-06-12 16:52:47.989,0.19775087896158403,0.17214602472980983,False
99,8,D,1199,-73.986274,40.720747,2025-06-12 16:32:47.989,2025-06-12 16:52:47.989,0.17214602472980983,0.16562209232451514,False
99,9,P,1192,-73.98265913128853,40.72334683218016,2025-06-12 17:08:35.401,2025-06-12 17:28:35.401,0.16562209232451514,0.15047345498799275,False
99,10,D,1192,-73.99266288,40.71893904,2025-06-12 17:08:35.401,2025-06-12 17:28:35.401,0.6,0.47073244100168726,True
99,11,P,1189,-73.94860294,40.7859201,2025-06-12 18:29:00.276,2025-06-12 18:49:00.276,0.47073244100168726,0.43739792170946934,False
99,12,D,1189,-73.971888,40.7937704,2025-06-12 18:29:00.276,2025-06-12 18:49:00.276,0.43739792170946934,0.3875834221215086,False
99,13,P,1193,-73.9349,40.8006721,2025-06-12 19:58:38.760,2025-06-12 20:18:38.760,0.3875834221215086,0.37634137261950806,False
99,14,D,1193,-73.942954,40.80295,2025-06-12 19:58:38.760,2025-06-12 20:18:38.760,0.37634137261950806,0.26641127290855615,False
99,15,DEPOT,-1,-73.9915,40.751,,,0.26641127290855615,0.26641127290855615,False
